customer,state,gender,education,customer_lifetime_value,income,monthly_premium_auto,number_of_open_complaints,policy_type,vehicle_class,total_claim_amount
RB50392,Washington,F,Master,7937.0,0.0,1000.0,0,Personal Auto,Four-Door Car,2.704934
QZ44356,Arizona,F,Bachelor,6980.0,0.0,94.0,0,Personal Auto,Four-Door Car,1131.464935
AI49188,Nevada,F,Bachelor,12887.0,48767.0,108.0,0,Personal Auto,Two-Door Car,566.472247
WW63253,California,M,Bachelor,7646.0,0.0,106.0,0,Corporate Auto,SUV,529.881344
GA49547,Washington,M,High School or Below,5363.0,36357.0,68.0,0,Personal Auto,Four-Door Car,17.269323
OC83172,Oregon,F,Bachelor,8256.0,62902.0,69.0,0,Personal Auto,Two-Door Car,159.383042
XZ87318,Oregon,F,College,5381.0,55350.0,67.0,0,Corporate Auto,Four-Door Car,321.6
CF85061,Arizona,M,Master,7216.0,0.0,101.0,0,Corporate Auto,Four-Door Car,363.02968
DY87989,Oregon,M,Bachelor,24128.0,14072.0,71.0,0,Corporate Auto,Four-Door Car,511.2
BQ94931,Oregon,F,College,7388.0,28812.0,93.0,0,Special Auto,Four-Door Car,425.527834
SX51350,California,M,College,4739.0,0.0,67.0,0,Personal Auto,Four-Door Car,482.4
VQ65197,California,F,College,8197.0,0.0,110.0,0,Personal Auto,SUV,528.0
DP39365,California,F,Master,8799.0,77026.0,110.0,2,Corporate Auto,Four-Door Car,472.029737
SJ95423,Arizona,F,High School or Below,8819.0,99845.0,110.0,1,Corporate Auto,SUV,528.0
IL66569,California,F,College,5384.0,83689.0,70.0,2,Corporate Auto,Four-Door Car,307.139132
BW63560,Oregon,F,Bachelor,7463.0,24599.0,64.0,1,Corporate Auto,Four-Door Car,42.920271
FV94802,Nevada,F,High School or Below,2567.0,25049.0,67.0,0,Personal Auto,Two-Door Car,454.245098
OE15005,California,F,College,3945.0,28855.0,101.0,0,Personal Auto,SUV,647.442031
WC83389,Oregon,F,College,5710.0,51148.0,72.0,0,Personal Auto,Four-Door Car,308.981664
FL50705,California,F,High School or Below,8163.0,66140.0,101.0,0,Corporate Auto,Four-Door Car,484.8
ZK25313,Oregon,F,High School or Below,2872.0,57749.0,74.0,0,Personal Auto,Two-Door Car,355.2
QK46697,Washington,M,Bachelor,6177.0,61040.0,79.0,1,Personal Auto,Two-Door Car,20.382876
YH23384,Arizona,F,Bachelor,24128.0,14072.0,71.0,0,Personal Auto,Four-Door Car,511.2
TZ98966,Nevada,F,Bachelor,2450.0,0.0,73.0,3,Corporate Auto,Four-Door Car,554.376763
HM55802,California,F,Bachelor,2392.0,17870.0,61.0,0,Corporate Auto,Four-Door Car,439.2
FS42516,Oregon,F,College,5802.0,97541.0,72.0,0,Personal Auto,Four-Door Car,389.185006
US89481,California,F,Bachelor,3946.0,0.0,111.0,0,Personal Auto,Four-Door Car,799.2
HS14476,Washington,M,College,9162.0,29723.0,80.0,0,Personal Auto,Four-Door Car,20.985105
GE62437,Arizona,F,College,12903.0,86584.0,111.0,2,Personal Auto,Four-Door Car,532.8
EJ77678,Oregon,F,Master,3235.0,75690.0,80.0,1,Personal Auto,Four-Door Car,384.0
SV85652,Arizona,F,College,2455.0,23158.0,63.0,1,Personal Auto,Four-Door Car,322.294043
UL64533,Nevada,F,High School or Below,18975.0,65999.0,237.0,0,Corporate Auto,Luxury,615.927769
PF41800,California,F,Bachelor,4715.0,0.0,65.0,0,Personal Auto,Four-Door Car,308.15089
HD95276,Washington,F,College,4738.0,0.0,130.0,0,Personal Auto,SUV,23.820158
SK67821,Oregon,F,Bachelor,4933.0,37260.0,62.0,0,Corporate Auto,Four-Door Car,15.437681
YV55495,Arizona,F,High School or Below,5744.0,68987.0,71.0,0,Personal Auto,Four-Door Car,204.475147
KY38074,California,F,Bachelor,13892.0,42305.0,117.0,0,Personal Auto,Four-Door Car,561.6
DM79012,Oregon,F,Master,7381.0,65706.0,91.0,0,Personal Auto,Four-Door Car,436.8
CM61827,Oregon,F,Bachelor,3090.0,0.0,90.0,0,Personal Auto,Two-Door Car,648.0
WC35801,Arizona,F,High School or Below,2522.0,53243.0,66.0,2,Personal Auto,Four-Door Car,157.397849
QG25316,Nevada,F,High School or Below,2652.0,0.0,70.0,1,Corporate Auto,Two-Door Car,484.318536
MB98372,Oregon,F,College,2771.0,50071.0,71.0,0,Corporate Auto,Two-Door Car,18.918935
IL19217,California,F,Bachelor,3939.0,60021.0,99.0,0,Personal Auto,Four-Door Car,882.871945
SR38658,Arizona,F,High School or Below,12232.0,43244.0,103.0,0,Personal Auto,Luxury,494.4
YD87931,Washington,M,Doctor,4952.0,46896.0,35354.0,1,Personal Auto,Four-Door Car,31.707317
HG65722,Oregon,F,Doctor,12819.0,10105.0,172.0,3,Personal Auto,SUV,0.517753
BU27331,Arizona,F,Bachelor,4469.0,0.0,73.0,3,Personal Auto,Four-Door Car,579.165954
XM45289,Oregon,F,High School or Below,5514.0,23218.0,71.0,0,Personal Auto,Two-Door Car,447.79344
KP34198,California,F,Bachelor,3344.0,0.0,92.0,0,Corporate Auto,Four-Door Car,529.624084
SH90947,Arizona,F,High School or Below,2294.0,0.0,62.0,0,Personal Auto,Four-Door Car,313.023175
WE95729,Oregon,F,College,36707.0,24804.0,104.0,0,Personal Auto,SUV,593.830288
PY51963,California,F,Bachelor,33473.0,33190.0,106.0,0,Corporate Auto,SUV,508.8
RB69909,Nevada,F,High School or Below,7983.0,36014.0,69.0,3,Special Auto,Four-Door Car,173.956072
NW21079,Washington,F,Master,4879.0,67163.0,61.0,2,Personal Auto,Two-Door Car,33.192803
FR46645,California,F,Bachelor,4294.0,16701.0,113.0,0,Personal Auto,Four-Door Car,831.625979
SY17488,Arizona,F,College,7164.0,46623.0,91.0,0,Corporate Auto,Four-Door Car,436.8
AP67935,California,F,College,7620.0,64749.0,64.0,0,Special Auto,Four-Door Car,302.56519
FS37417,Arizona,F,High School or Below,3958.0,0.0,101.0,0,Personal Auto,SUV,484.8
ML29312,Oregon,F,High School or Below,4499.0,16969.0,124.0,2,Personal Auto,SUV,704.768111
UB61619,Oregon,F,Master,4060.0,11621.0,108.0,0,Personal Auto,Four-Door Car,518.4
CD86811,Arizona,F,Bachelor,4458.0,17622.0,65.0,1,Personal Auto,Four-Door Car,312.0
RU83859,California,F,Bachelor,8110.0,11489.0,105.0,0,Personal Auto,Two-Door Car,504.0
FG63582,Oregon,F,Bachelor,3340.0,0.0,94.0,0,Personal Auto,Two-Door Car,863.327324
NN71951,California,F,High School or Below,24261.0,66525.0,100.0,0,Personal Auto,SUV,104.331355
WB37082,Arizona,F,Bachelor,6614.0,0.0,63.0,0,Personal Auto,Four-Door Car,676.391482
SM52139,Washington,F,College,2931.0,33663.0,73.0,0,Personal Auto,Four-Door Car,350.4
FL82372,Oregon,F,College,8672.0,22547.0,112.0,0,Corporate Auto,SUV,537.6
DP45816,Arizona,F,High School or Below,11639.0,61486.0,97.0,0,Personal Auto,Two-Door Car,465.258644
GW33762,Oregon,F,Bachelor,6846.0,0.0,95.0,0,Personal Auto,Two-Door Car,456.0
RZ33670,California,F,College,11728.0,29879.0,102.0,0,Personal Auto,Four-Door Car,500.254235
PY70169,Oregon,F,High School or Below,22644.0,93011.0,113.0,0,Personal Auto,SUV,281.451042
MO91628,Oregon,F,Master,2614.0,65186.0,65.0,0,Personal Auto,Two-Door Car,5.434505
HW87852,Oregon,F,Master,2452.0,26840.0,64.0,2,Personal Auto,Four-Door Car,307.2
HB20453,Oregon,F,Bachelor,6781.0,0.0,104.0,1,Personal Auto,Luxury,982.399613
BN87372,Oregon,F,Bachelor,4975.0,75644.0,65.0,3,Personal Auto,Two-Door Car,467.803638
YX23800,Oregon,F,Bachelor,8592.0,38984.0,73.0,0,Personal Auto,Four-Door Car,350.4
DZ87709,Oregon,F,High School or Below,5592.0,71811.0,71.0,0,Personal Auto,Four-Door Car,29.03416
XW13033,Nevada,F,College,8009.0,20961.0,67.0,0,Personal Auto,Four-Door Car,321.6
SP81997,Washington,F,Master,7937.0,41275.0,96.0,0,Personal Auto,Four-Door Car,41.122303
OM82309,California,F,Bachelor,58167.0,61321.0,186.0,1,Personal Auto,Luxury,427.63121
ZU35962,California,F,College,8025.0,0.0,77.0,0,Personal Auto,Two-Door Car,25.807685
VH85817,California,F,High School or Below,5780.0,51066.0,74.0,0,Personal Auto,Four-Door Car,787.993313
DT85712,California,F,Doctor,4119.0,34378.0,102.0,0,Personal Auto,SUV,489.6
YJ88573,Nevada,F,Master,2523.0,43072.0,63.0,0,Personal Auto,Four-Door Car,302.4
SQ19467,Oregon,F,College,6554.0,25222.0,90.0,0,Personal Auto,Four-Door Car,475.623251
YB66933,Washington,F,Bachelor,5383.0,77552.0,68.0,1,Corporate Auto,Four-Door Car,45.215059
ET79815,California,F,College,5927.0,23091.0,96.0,5,Personal Auto,Four-Door Car,460.8
QC35222,California,F,Bachelor,2683.0,48269.0,69.0,3,Corporate Auto,Four-Door Car,282.151207
CJ15590,Oregon,F,Bachelor,2695.0,32720.0,67.0,0,Personal Auto,Four-Door Car,321.6
OI48267,California,F,College,6047.0,20396.0,76.0,1,Personal Auto,Four-Door Car,364.8
JY67916,Oregon,F,College,13171.0,21513.0,119.0,1,Personal Auto,Two-Door Car,679.827592
OW15518,Washington,F,College,15950.0,0.0,87.0,1,Personal Auto,Two-Door Car,46.041452
CZ33664,Oregon,F,Bachelor,2528.0,80744.0,63.0,0,Corporate Auto,Four-Door Car,11.879037
WK30175,Oregon,F,Bachelor,2672.0,52822.0,67.0,0,Corporate Auto,Two-Door Car,350.529033
ON44465,California,F,High School or Below,5313.0,0.0,77.0,1,Personal Auto,Four-Door Car,863.3947
TV87155,Oregon,F,Bachelor,20946.0,69738.0,74.0,1,Personal Auto,Four-Door Car,492.127532
KH48895,Arizona,F,Master,8375.0,17780.0,109.0,0,Personal Auto,SUV,132.588288
NZ30757,California,F,Bachelor,4802.0,18107.0,62.0,0,Personal Auto,Four-Door Car,297.6
RI22468,Arizona,F,Bachelor,5746.0,57740.0,74.0,3,Personal Auto,Four-Door Car,269.905129
FZ30935,Oregon,F,College,6066.0,32627.0,76.0,0,Personal Auto,Two-Door Car,380.036697
UG93476,California,F,College,8002.0,0.0,107.0,0,Personal Auto,SUV,513.6
AB96670,California,F,College,2394.0,0.0,70.0,0,Personal Auto,Four-Door Car,425.266308
XK64261,Oregon,F,Bachelor,4763.0,65795.0,62.0,1,Corporate Auto,Two-Door Car,49.011099
EV68375,California,F,College,4330.0,60475.0,107.0,0,Personal Auto,Four-Door Car,513.6
UN51653,California,F,High School or Below,9403.0,0.0,130.0,0,Personal Auto,SUV,936.0
TO96662,Oregon,F,Bachelor,6967.0,41837.0,88.0,0,Personal Auto,Four-Door Car,142.062768
MR52087,California,F,Bachelor,7694.0,32303.0,65.0,0,Personal Auto,Four-Door Car,45.152521
DE75225,Oregon,F,High School or Below,8718.0,0.0,117.0,1,Personal Auto,SUV,561.6
EP80820,California,F,Bachelor,5929.0,40531.0,74.0,0,Personal Auto,Two-Door Car,30.567357
GU99037,Oregon,F,College,2453.0,79898.0,62.0,1,Corporate Auto,Four-Door Car,271.606799
WI57118,California,F,College,6702.0,56398.0,85.0,0,Personal Auto,Four-Door Car,408.0
GP39118,Washington,M,High School or Below,4997.0,71600.0,63.0,0,Personal Auto,Two-Door Car,46.158117
MQ14219,Arizona,F,College,8493.0,27804.0,109.0,0,Personal Auto,SUV,784.8
KN20603,Oregon,F,Bachelor,7713.0,45506.0,66.0,2,Personal Auto,Four-Door Car,316.8
SG20925,Washington,F,Master,5186.0,99428.0,6464.0,1,Personal Auto,Four-Door Car,48.046869
JI70886,California,F,High School or Below,7290.0,0.0,102.0,1,Corporate Auto,SUV,489.6
VF72557,Oregon,F,High School or Below,4773.0,20993.0,133.0,0,Personal Auto,SUV,638.4
OX28638,Arizona,F,High School or Below,6806.0,37839.0,86.0,0,Personal Auto,Two-Door Car,465.633954
SK55033,California,F,Bachelor,2470.0,92711.0,62.0,0,Personal Auto,Two-Door Car,368.400146
OO88645,California,F,College,3104.0,74665.0,78.0,2,Corporate Auto,Four-Door Car,236.902001
FM14335,Washington,F,College,10485.0,61108.0,89.0,0,Personal Auto,Four-Door Car,49.451117
CW82151,California,F,Bachelor,8903.0,46833.0,112.0,0,Personal Auto,Luxury,64.109663
DY22043,Oregon,F,High School or Below,5499.0,88768.0,68.0,0,Personal Auto,Two-Door Car,326.4
SH36774,California,F,High School or Below,15024.0,28262.0,192.0,0,Personal Auto,Luxury,921.6
EM43724,Nevada,F,Bachelor,2509.0,33555.0,63.0,0,Personal Auto,Four-Door Car,101.89645
FH85960,Oregon,F,College,31222.0,42780.0,113.0,1,Personal Auto,Four-Door Car,542.4
XA55993,Oregon,F,Master,3134.0,58850.0,78.0,0,Personal Auto,Four-Door Car,143.747794
GO36627,Arizona,F,College,3837.0,21880.0,97.0,0,Special Auto,Four-Door Car,424.077159
QH48047,Oregon,F,College,11790.0,25251.0,66.0,0,Personal Auto,Four-Door Car,316.8
HS28694,Washington,F,High School or Below,2830.0,25317.0,71.0,0,Personal Auto,Two-Door Car,50.422181
UH65059,Arizona,F,High School or Below,4306.0,24188.0,109.0,0,Personal Auto,Luxury,523.2
FV21968,Nevada,F,Bachelor,5974.0,41611.0,74.0,0,Special Auto,Four-Door Car,113.801497
QA87025,Oregon,F,Bachelor,5670.0,28406.0,72.0,1,Personal Auto,Four-Door Car,192.87572
TQ13499,Arizona,F,College,4732.0,69833.0,118.0,0,Personal Auto,Four-Door Car,828.662719
BU44523,Arizona,F,High School or Below,8026.0,0.0,74.0,0,Corporate Auto,Four-Door Car,532.8
MS41162,Arizona,F,High School or Below,4023.0,0.0,117.0,0,Personal Auto,SUV,975.107098
PU25891,Oregon,F,High School or Below,9618.0,80536.0,119.0,0,Special Auto,Luxury,53.798708
LH92841,Washington,F,Bachelor,7256.0,88891.0,89.0,0,Personal Auto,Four-Door Car,50.528355
SX26335,Oregon,F,College,9553.0,97732.0,79.0,0,Personal Auto,Four-Door Car,289.9122
AZ95587,Arizona,F,Bachelor,10389.0,61222.0,89.0,0,Special Auto,Four-Door Car,392.604371
DS81757,Oregon,M,College,2470.0,0.0,74.0,0,Personal Auto,Two-Door Car,721.242206
OJ94107,Arizona,M,Master,5619.0,50335.0,140.0,0,Personal Auto,SUV,456.52385
LP84436,California,F,High School or Below,9047.0,0.0,127.0,0,Personal Auto,Luxury,1087.995426
FF22360,Washington,F,Doctor,2687.0,82210.0,68.0,4,Personal Auto,Four-Door Car,51.961915
LM19287,Oregon,F,High School or Below,3732.0,0.0,96.0,0,Personal Auto,Four-Door Car,460.8
ZU18643,Nevada,M,Bachelor,3661.0,64495.0,92.0,0,Corporate Auto,Four-Door Car,251.992083
AZ82578,California,F,College,7929.0,0.0,72.0,0,Corporate Auto,Four-Door Car,345.6
XC67861,Arizona,F,Bachelor,5012.0,28859.0,67.0,3,Corporate Auto,Two-Door Car,321.6
YC43143,Arizona,F,High School or Below,7988.0,77330.0,99.0,0,Personal Auto,Four-Door Car,99.257608
EK59571,Oregon,M,College,3885.0,0.0,105.0,0,Corporate Auto,Four-Door Car,504.0
PA38372,Washington,F,High School or Below,9358.0,33060.0,117.0,0,Personal Auto,Four-Door Car,56.731578
RO18530,Washington,M,Master,2541.0,42557.0,65.0,0,Personal Auto,Four-Door Car,57.562324
PD27940,Arizona,M,High School or Below,4885.0,26372.0,126.0,0,Personal Auto,SUV,604.8
BS77946,Arizona,F,Bachelor,9753.0,17514.0,127.0,0,Personal Auto,SUV,8.312729
YM50253,California,F,Bachelor,2946.0,89270.0,74.0,0,Personal Auto,Four-Door Car,316.599228
NR15332,California,M,High School or Below,2581.0,29757.0,65.0,0,Personal Auto,Four-Door Car,312.0
RC62865,Oregon,M,College,3517.0,51814.0,92.0,0,Personal Auto,Four-Door Car,56.300724
CC15295,Oregon,F,Bachelor,9743.0,24028.0,82.0,0,Personal Auto,Four-Door Car,393.6
KA61892,Arizona,M,College,3874.0,28142.0,105.0,0,Personal Auto,Luxury,701.708239
OS94884,Arizona,F,Bachelor,7649.0,52705.0,64.0,1,Personal Auto,Two-Door Car,128.705563
ND87334,California,M,High School or Below,2288.0,0.0,63.0,0,Corporate Auto,Two-Door Car,679.368378
OY51402,Washington,F,High School or Below,8256.0,54040.0,103.0,0,Personal Auto,SUV,59.987126
YL74911,California,F,College,8715.0,0.0,118.0,0,Personal Auto,SUV,566.4
GK92563,Washington,F,Doctor,6819.0,22492.0,85.0,0,Personal Auto,Two-Door Car,61.654262
HL53154,California,M,Bachelor,7416.0,0.0,77.0,2,Personal Auto,Four-Door Car,554.4
RI78966,Oregon,M,Master,7771.0,21876.0,68.0,0,Personal Auto,Four-Door Car,465.41477
IC13702,California,F,Bachelor,6968.0,0.0,69.0,1,Personal Auto,Four-Door Car,496.8
BE10809,California,F,High School or Below,4250.0,0.0,61.0,1,Personal Auto,Four-Door Car,292.8
HT87217,Oregon,F,High School or Below,19777.0,70699.0,82.0,0,Personal Auto,Four-Door Car,256.813837
TH95618,California,F,High School or Below,21343.0,0.0,74.0,1,Personal Auto,Four-Door Car,355.2
TS19868,California,M,College,2413.0,27501.0,63.0,0,Personal Auto,Four-Door Car,542.319401
LP45550,Oregon,F,Doctor,15364.0,15897.0,101.0,0,Personal Auto,Four-Door Car,303.148399
QR87004,Nevada,F,College,8457.0,25141.0,73.0,1,Personal Auto,Four-Door Car,25.438063
OE75747,Nevada,F,College,2190.0,0.0,61.0,3,Personal Auto,Four-Door Car,292.8
DX91392,California,M,High School or Below,5780.0,51066.0,74.0,0,Personal Auto,Four-Door Car,787.993313
AB72731,California,F,Bachelor,4640.0,28358.0,117.0,0,Personal Auto,Luxury,84.024413
GX84338,Washington,F,Doctor,3824.0,62530.0,95.0,0,Personal Auto,Four-Door Car,61.693771
IS12901,Arizona,F,Bachelor,5968.0,90972.0,74.0,0,Personal Auto,Two-Door Car,232.926145
BN90616,Washington,F,Bachelor,8590.0,63110.0,72.0,0,Personal Auto,Four-Door Car,68.179721
HH90090,California,F,Bachelor,4077.0,29549.0,104.0,0,Personal Auto,Luxury,710.433775
IU25463,California,F,Bachelor,12253.0,0.0,115.0,1,Personal Auto,Four-Door Car,552.0
KC11055,Nevada,F,Bachelor,16936.0,39411.0,217.0,2,Personal Auto,Luxury,1122.658899
PD33979,Oregon,M,High School or Below,4892.0,21709.0,62.0,0,Personal Auto,Four-Door Car,408.374746
NK71023,Nevada,M,Bachelor,9942.0,67890.0,85.0,0,Personal Auto,Four-Door Car,408.0
AB13432,California,M,Bachelor,3736.0,0.0,110.0,0,Personal Auto,SUV,792.0
OZ97704,California,F,High School or Below,13118.0,84311.0,111.0,4,Personal Auto,SUV,532.8
UF46533,California,F,College,4575.0,99316.0,114.0,0,Corporate Auto,SUV,754.358929
XP47431,Arizona,F,Bachelor,5470.0,54507.0,138.0,0,Personal Auto,SUV,702.990032
GK73582,California,F,Bachelor,2979.0,64586.0,76.0,0,Personal Auto,Four-Door Car,206.837111
RV98763,Oregon,M,College,6411.0,61709.0,82.0,2,Personal Auto,Four-Door Car,275.395894
II62831,California,M,Master,4479.0,94656.0,111.0,1,Special Auto,SUV,459.738128
XK33449,California,F,High School or Below,2384.0,0.0,69.0,0,Special Auto,Two-Door Car,496.8
TR85083,California,M,Bachelor,2764.0,61085.0,70.0,1,Personal Auto,Two-Door Car,336.0
EO95328,Oregon,F,Bachelor,7920.0,89284.0,67.0,3,Personal Auto,Two-Door Car,321.6
EN21086,Arizona,F,High School or Below,6889.0,0.0,63.0,0,Personal Auto,Four-Door Car,302.4
YL83902,Washington,F,Bachelor,3274.0,31686.0,81.0,0,Personal Auto,Four-Door Car,430.994107
AZ62651,Oregon,M,High School or Below,9952.0,56855.0,255.0,0,Corporate Auto,Luxury,1836.0
ZW25874,Oregon,M,Bachelor,2522.0,53703.0,67.0,2,Special Auto,Four-Door Car,67.632476
EH41854,Washington,F,High School or Below,23706.0,0.0,96.0,1,Personal Auto,Two-Door Car,844.481918
MW70227,California,M,College,6047.0,20396.0,76.0,1,Personal Auto,Four-Door Car,364.8
SL22297,California,F,Master,11140.0,27679.0,150.0,0,Personal Auto,SUV,722.486994
RV14138,Nevada,F,Bachelor,4334.0,23904.0,123.0,3,Personal Auto,SUV,590.4
UO62808,Arizona,F,High School or Below,2800.0,65351.0,69.0,0,Corporate Auto,Four-Door Car,481.027516
ZX64745,California,M,College,7923.0,0.0,113.0,0,Personal Auto,SUV,1124.427734
FL34139,California,M,High School or Below,3688.0,0.0,63.0,3,Personal Auto,Four-Door Car,669.682001
TS11219,California,M,College,12067.0,0.0,116.0,0,Personal Auto,SUV,1284.093173
XX12304,California,F,College,2925.0,64459.0,72.0,0,Personal Auto,Four-Door Car,240.259479
SD64087,California,M,College,15014.0,32961.0,190.0,0,Corporate Auto,SUV,912.0
OY38576,Oregon,F,High School or Below,9277.0,71416.0,116.0,0,Corporate Auto,SUV,556.8
BG76355,Washington,F,Bachelor,6274.0,68964.0,78.0,0,Personal Auto,Four-Door Car,115.086827
IP66913,California,M,High School or Below,3887.0,78108.0,98.0,0,Personal Auto,Two-Door Car,470.4
LE95702,California,M,College,4386.0,10621.0,67.0,0,Special Auto,Four-Door Car,321.6
KX54357,Washington,M,College,11365.0,84910.0,95.0,0,Corporate Auto,Two-Door Car,383.167471
EZ78112,California,F,High School or Below,5611.0,77493.0,70.0,0,Special Auto,Four-Door Car,307.963291
XN16891,Arizona,M,College,2913.0,81097.0,74.0,0,Personal Auto,Four-Door Car,355.2
XK31350,Oregon,F,College,6916.0,96610.0,85.0,0,Corporate Auto,Four-Door Car,520.364752
CC30924,Oregon,M,College,6263.0,30110.0,159.0,0,Corporate Auto,Luxury,466.436375
IT78748,Oregon,F,High School or Below,6503.0,22081.0,84.0,0,Special Auto,Two-Door Car,451.670309
KY33386,Washington,F,High School or Below,8007.0,0.0,112.0,0,Personal Auto,Luxury,537.6
CO44221,California,M,College,2930.0,98473.0,72.0,0,Personal Auto,Four-Door Car,345.6
LK60013,Oregon,F,Bachelor,5970.0,97431.0,74.0,0,Personal Auto,Four-Door Car,355.2
DE21533,California,M,Bachelor,5473.0,93870.0,69.0,0,Personal Auto,Four-Door Car,331.2
YS94121,Nevada,M,High School or Below,5645.0,50366.0,72.0,0,Personal Auto,Four-Door Car,428.734656
UK68427,Washington,M,High School or Below,6369.0,34498.0,83.0,0,Personal Auto,Two-Door Car,398.4
TE49565,Oregon,F,College,11834.0,16552.0,103.0,0,Personal Auto,SUV,494.4
RA88421,Oregon,F,College,6121.0,26787.0,77.0,0,Personal Auto,Four-Door Car,369.6
KQ51983,Nevada,M,College,5159.0,0.0,74.0,0,Personal Auto,Two-Door Car,831.752839
CD88896,Nevada,F,High School or Below,2515.0,43860.0,65.0,0,Corporate Auto,Four-Door Car,156.124914
YV22553,Arizona,M,High School or Below,8669.0,21474.0,114.0,2,Corporate Auto,SUV,373.428187
WU14435,California,M,Bachelor,4961.0,18174.0,66.0,0,Corporate Auto,Four-Door Car,395.934815
XV84099,Arizona,F,Bachelor,5504.0,0.0,73.0,0,Corporate Auto,Four-Door Car,350.4
RI24911,Arizona,M,College,7507.0,60920.0,64.0,0,Personal Auto,Two-Door Car,231.201886
KO26461,Arizona,M,High School or Below,32270.0,41520.0,90.0,0,Personal Auto,Four-Door Car,289.904105
HI14283,Oregon,F,Bachelor,5657.0,0.0,152.0,0,Personal Auto,SUV,729.6
PT50227,Arizona,M,High School or Below,5062.0,0.0,68.0,0,Personal Auto,Two-Door Car,326.4
BH36570,California,M,Bachelor,5913.0,72208.0,73.0,0,Personal Auto,Two-Door Car,350.4
TX17484,California,F,Bachelor,15182.0,53863.0,63.0,0,Personal Auto,Four-Door Car,105.765111
CT41158,Washington,M,College,10747.0,66446.0,136.0,0,Corporate Auto,SUV,639.464548
AO87348,Washington,M,College,2051.0,0.0,61.0,0,Personal Auto,Four-Door Car,292.8
DE55857,Washington,F,Bachelor,2465.0,64997.0,63.0,1,Personal Auto,Four-Door Car,383.442328
LF66923,Nevada,F,High School or Below,5343.0,64460.0,66.0,0,Corporate Auto,Two-Door Car,316.8
CN24514,Arizona,F,College,8120.0,46618.0,67.0,0,Personal Auto,Four-Door Car,99.085943
UW32074,Oregon,F,College,4605.0,0.0,64.0,0,Corporate Auto,Four-Door Car,307.2
HP36979,California,M,College,6409.0,49988.0,84.0,5,Personal Auto,Two-Door Car,566.935022
PP40919,California,F,College,2377.0,0.0,91.0,5,Personal Auto,Two-Door Car,436.8
RO73268,California,M,Bachelor,3211.0,16269.0,86.0,0,Corporate Auto,Two-Door Car,412.8
HO61691,Arizona,F,Bachelor,5095.0,72006.0,64.0,0,Personal Auto,Four-Door Car,307.2
BS13062,Arizona,F,High School or Below,25755.0,0.0,81.0,2,Personal Auto,Four-Door Car,388.8
FO35655,Oregon,M,Bachelor,8672.0,0.0,245.0,0,Corporate Auto,Luxury,2345.413441
HR10526,California,M,Master,8045.0,44320.0,67.0,0,Personal Auto,Four-Door Car,321.6
IA63417,Arizona,F,High School or Below,4002.0,19782.0,108.0,0,Personal Auto,Two-Door Car,773.470977
BH35016,Nevada,F,Bachelor,16706.0,63933.0,70.0,0,Personal Auto,Two-Door Car,424.883448
PK52952,Arizona,M,Doctor,8544.0,28224.0,109.0,0,Personal Auto,SUV,523.2
OD76309,Washington,F,College,7805.0,21073.0,106.0,1,Personal Auto,SUV,508.8
IL28481,Oregon,M,Bachelor,6113.0,63243.0,77.0,0,Personal Auto,Four-Door Car,364.240307
GY55092,Nevada,M,High School or Below,4773.0,20993.0,133.0,0,Personal Auto,SUV,638.4
UF33451,Oregon,F,Bachelor,10979.0,94827.0,135.0,0,Personal Auto,SUV,354.729129
CF15558,California,F,Master,5004.0,39161.0,63.0,1,Personal Auto,Two-Door Car,283.995953
JM62924,Washington,M,Bachelor,13223.0,37534.0,84.0,2,Personal Auto,Four-Door Car,403.2
EM66435,Oregon,F,Bachelor,2623.0,80210.0,65.0,0,Corporate Auto,Four-Door Car,20.543176
QX45933,California,M,Bachelor,17840.0,0.0,62.0,0,Personal Auto,Four-Door Car,385.115437
JI71369,California,F,College,5106.0,30110.0,64.0,0,Personal Auto,Four-Door Car,140.165035
JU93290,Arizona,F,College,17931.0,21708.0,68.0,0,Personal Auto,Four-Door Car,326.4
GU66096,Arizona,M,High School or Below,5457.0,94731.0,67.0,0,Personal Auto,Four-Door Car,321.6
UC33108,California,M,Bachelor,6564.0,32375.0,83.0,0,Personal Auto,Four-Door Car,398.4
LW93867,Oregon,M,College,4813.0,16531.0,63.0,0,Corporate Auto,Four-Door Car,102.879769
OU78470,Arizona,F,Master,29328.0,32006.0,94.0,0,Corporate Auto,Four-Door Car,56.868289
XW90265,Arizona,F,Bachelor,5774.0,81676.0,72.0,0,Personal Auto,Two-Door Car,463.158502
HS67749,California,M,College,6847.0,71038.0,86.0,0,Corporate Auto,Four-Door Car,205.444066
VZ51506,Arizona,F,High School or Below,3595.0,0.0,103.0,0,Corporate Auto,Luxury,741.6
UI64281,Nevada,F,Master,22856.0,20832.0,65.0,0,Personal Auto,Two-Door Car,56.371967
AE98193,Washington,M,High School or Below,7859.0,0.0,113.0,0,Personal Auto,SUV,813.6
AZ74055,Oregon,M,High School or Below,4116.0,52405.0,103.0,0,Personal Auto,Four-Door Car,494.4
XS76911,Arizona,F,High School or Below,5030.0,0.0,133.0,0,Personal Auto,Luxury,795.864079
AY40674,Washington,F,Bachelor,4821.0,26583.0,1005.0,4,Personal Auto,SUV,614.4
NA12740,Oregon,M,Master,5004.0,25486.0,65.0,0,Special Auto,Two-Door Car,72.438681
UA84837,Arizona,M,College,8630.0,24065.0,111.0,0,Corporate Auto,Four-Door Car,532.8
DJ51510,Arizona,F,High School or Below,9322.0,70435.0,116.0,0,Personal Auto,Four-Door Car,67.881546
VM58985,California,M,College,16728.0,0.0,76.0,2,Personal Auto,Two-Door Car,402.636829
OH60605,Oregon,F,High School or Below,3653.0,39679.0,92.0,0,Personal Auto,Two-Door Car,641.388616
UO98052,Nevada,M,College,6159.0,0.0,89.0,0,Personal Auto,Four-Door Car,342.481173
NC53424,California,M,Bachelor,4376.0,0.0,69.0,4,Personal Auto,Two-Door Car,331.2
LQ13873,Nevada,M,High School or Below,5569.0,53565.0,71.0,1,Personal Auto,Four-Door Car,340.8
LA97014,Washington,M,Bachelor,2577.0,37574.0,66.0,1,Personal Auto,Two-Door Car,412.101933
NB79936,Washington,M,Bachelor,8347.0,48259.0,108.0,0,Personal Auto,Two-Door Car,73.700573
NT89061,Arizona,F,High School or Below,6324.0,78532.0,78.0,0,Personal Auto,Four-Door Car,374.4
AF10970,Arizona,F,Bachelor,5973.0,96163.0,73.0,0,Corporate Auto,Four-Door Car,350.4
ZG48513,California,M,Bachelor,4707.0,0.0,72.0,0,Personal Auto,Four-Door Car,345.6
JQ59145,California,M,High School or Below,8093.0,0.0,114.0,1,Personal Auto,Luxury,722.024742
FE84989,Washington,M,College,5036.0,72672.0,63.0,0,Personal Auto,Four-Door Car,259.361117
JT52858,Oregon,F,Bachelor,9028.0,99002.0,112.0,1,Personal Auto,Four-Door Car,537.6
MC62068,California,M,High School or Below,7289.0,79494.0,91.0,0,Personal Auto,Four-Door Car,396.295614
EU27538,Oregon,M,Master,18042.0,35704.0,225.0,0,Personal Auto,Luxury,358.281562
RH42306,Arizona,F,Bachelor,4992.0,0.0,71.0,0,Corporate Auto,Four-Door Car,653.388564
US23612,Oregon,F,High School or Below,9102.0,26049.0,118.0,0,Personal Auto,Two-Door Car,121.032372
WV76014,Arizona,M,Doctor,2540.0,70125.0,64.0,0,Special Auto,Four-Door Car,92.813396
RK96223,California,M,College,12942.0,52369.0,110.0,1,Personal Auto,SUV,528.0
MF82000,Washington,F,Bachelor,2365.0,0.0,66.0,2,Special Auto,Four-Door Car,159.636956
FM46980,Arizona,M,College,5721.0,41770.0,72.0,0,Personal Auto,Four-Door Car,476.156957
SY56792,Oregon,M,High School or Below,7036.0,0.0,101.0,0,Corporate Auto,Four-Door Car,727.2
RF61565,California,M,College,2637.0,31911.0,67.0,0,Personal Auto,Four-Door Car,321.6
IM94808,Nevada,M,Bachelor,5396.0,70051.0,68.0,0,Corporate Auto,Four-Door Car,42.078345
VI14730,Oregon,M,High School or Below,8383.0,19683.0,117.0,1,Personal Auto,Luxury,561.6
YR34119,Washington,F,College,31162.0,30916.0,112.0,0,Personal Auto,SUV,200.11606
RR77985,Oregon,F,Bachelor,2888.0,0.0,80.0,0,Personal Auto,Four-Door Car,676.944023
QD28391,Washington,M,College,7426.0,84302.0,62.0,0,Personal Auto,Four-Door Car,76.609295
WV17090,California,M,Bachelor,25586.0,0.0,116.0,0,Corporate Auto,SUV,830.623064
TM23514,Oregon,M,College,10273.0,60145.0,132.0,0,Personal Auto,SUV,580.473259
MQ68407,Oregon,F,Bachelor,4376.0,63774.0,111.0,0,Personal Auto,Four-Door Car,60.036683
GJ59592,California,F,Bachelor,5319.0,25134.0,67.0,0,Corporate Auto,Four-Door Car,321.6
FY56083,Oregon,M,Bachelor,4720.0,37057.0,61.0,1,Personal Auto,Four-Door Car,47.53101
UA94723,Oregon,F,High School or Below,4428.0,58577.0,110.0,0,Personal Auto,SUV,303.872752
FW91032,California,M,High School or Below,5879.0,85857.0,73.0,0,Corporate Auto,Four-Door Car,100.620067
DE34457,Oregon,F,Doctor,9417.0,70602.0,116.0,0,Personal Auto,SUV,481.339891
HD32044,Oregon,F,Master,8288.0,33816.0,106.0,2,Corporate Auto,Four-Door Car,508.8
HH30454,Oregon,M,Bachelor,32655.0,0.0,153.0,0,Personal Auto,SUV,1101.6
AH84063,Oregon,F,College,4719.0,89642.0,121.0,4,Corporate Auto,SUV,86.320022
QA17596,California,F,Bachelor,3903.0,60068.0,98.0,0,Personal Auto,Two-Door Car,470.4
XI41052,California,F,Bachelor,5457.0,50044.0,139.0,0,Personal Auto,SUV,667.2
DI30528,California,F,Master,2725.0,36650.0,69.0,1,Personal Auto,Four-Door Car,56.60333
SC66359,Arizona,F,College,4434.0,50653.0,110.0,0,Corporate Auto,SUV,262.865172
EN61670,Arizona,F,Doctor,5332.0,68931.0,66.0,0,Personal Auto,Four-Door Car,309.577946
DQ10761,Oregon,M,Bachelor,2315.0,0.0,73.0,1,Corporate Auto,Four-Door Car,350.4
BQ51587,California,F,College,5412.0,0.0,73.0,0,Personal Auto,Four-Door Car,365.364581
JE21522,California,M,Bachelor,9587.0,39266.0,80.0,0,Personal Auto,Four-Door Car,384.0
WS47147,California,M,College,22104.0,0.0,102.0,0,Personal Auto,SUV,489.6
ZA64638,Nevada,F,High School or Below,9765.0,0.0,98.0,1,Personal Auto,Four-Door Car,705.6
EW38459,Nevada,F,Bachelor,2567.0,40864.0,65.0,0,Corporate Auto,Four-Door Car,9.51528
QW87316,Oregon,F,College,2651.0,39035.0,68.0,0,Personal Auto,Four-Door Car,244.564334
IC43478,California,M,Bachelor,11264.0,34923.0,98.0,0,Personal Auto,Two-Door Car,639.105556
TE34064,California,M,High School or Below,2169.0,0.0,63.0,0,Personal Auto,Four-Door Car,453.6
WU60905,California,F,High School or Below,8611.0,0.0,111.0,0,Corporate Auto,SUV,532.8
YM18992,California,F,College,2835.0,24506.0,71.0,0,Personal Auto,Two-Door Car,511.2
PD55753,Oregon,M,High School or Below,8930.0,0.0,82.0,0,Personal Auto,Four-Door Car,554.522969
KU56006,Arizona,F,College,5536.0,52220.0,70.0,1,Personal Auto,Four-Door Car,336.0
MJ69973,Arizona,M,High School or Below,2841.0,0.0,74.0,0,Personal Auto,Two-Door Car,402.449823
TW43626,California,M,College,8083.0,53554.0,67.0,0,Personal Auto,Four-Door Car,327.020539
XX84133,California,M,Bachelor,5255.0,34476.0,67.0,1,Corporate Auto,Four-Door Car,5.3953
ZW84453,Arizona,F,Bachelor,5116.0,0.0,70.0,0,Personal Auto,Four-Door Car,131.401291
HO29524,California,M,College,3035.0,68205.0,76.0,0,Personal Auto,Two-Door Car,99.382943
VE89726,California,F,High School or Below,8025.0,0.0,119.0,1,Personal Auto,SUV,856.8
GE87503,California,M,High School or Below,18211.0,53690.0,154.0,0,Personal Auto,SUV,739.2
PX90263,Oregon,M,High School or Below,5122.0,0.0,72.0,0,Personal Auto,Four-Door Car,518.4
NI17718,California,F,High School or Below,2150.0,0.0,61.0,0,Personal Auto,Four-Door Car,292.8
FY32213,California,F,High School or Below,5595.0,74454.0,71.0,0,Personal Auto,Four-Door Car,340.8
RZ13254,Nevada,F,Bachelor,7563.0,0.0,73.0,0,Personal Auto,Four-Door Car,350.4
GN45013,Oregon,M,High School or Below,5386.0,29664.0,71.0,0,Personal Auto,Four-Door Car,340.8
NM39588,Washington,F,Doctor,2678.0,72450.0,66.0,0,Corporate Auto,Four-Door Car,84.218363
KU84464,Nevada,F,Bachelor,9423.0,47272.0,79.0,3,Personal Auto,Four-Door Car,64.546877
YH43527,Oregon,F,College,3606.0,21585.0,92.0,0,Corporate Auto,Four-Door Car,441.6
RO30676,California,F,College,7763.0,23827.0,106.0,2,Personal Auto,Four-Door Car,37.910623
QL59704,Arizona,F,College,23445.0,69906.0,74.0,2,Corporate Auto,Four-Door Car,202.860399
QH19450,California,F,High School or Below,2558.0,0.0,72.0,0,Corporate Auto,Four-Door Car,345.6
SA54664,Washington,M,Master,2654.0,73196.0,66.0,1,Personal Auto,Four-Door Car,85.809817
CI38330,Washington,M,Bachelor,2550.0,72217.0,6464.0,0,Personal Auto,Four-Door Car,91.146661
WB38524,California,M,High School or Below,2970.0,46131.0,74.0,0,Personal Auto,Two-Door Car,355.2
CE56187,Oregon,F,Master,4363.0,54514.0,109.0,3,Personal Auto,SUV,286.234931
JL19416,California,F,High School or Below,5884.0,0.0,161.0,0,Personal Auto,SUV,1159.2
JZ61422,Nevada,F,College,5272.0,96668.0,66.0,0,Personal Auto,Four-Door Car,316.8
LA13377,California,M,Doctor,5510.0,78879.0,69.0,1,Personal Auto,Four-Door Car,466.570791
NC99948,Nevada,M,College,16314.0,0.0,69.0,0,Personal Auto,Four-Door Car,331.2
QD34785,Arizona,F,Bachelor,5678.0,0.0,76.0,0,Personal Auto,Four-Door Car,364.8
RO26085,California,F,Bachelor,12101.0,0.0,112.0,0,Personal Auto,Luxury,1252.406235
ES57969,Oregon,M,Bachelor,2454.0,29735.0,69.0,0,Personal Auto,Four-Door Car,331.2
JK55587,California,M,High School or Below,5076.0,23082.0,65.0,0,Special Auto,Four-Door Car,312.0
RN97635,Arizona,M,Bachelor,3215.0,53984.0,80.0,0,Corporate Auto,Four-Door Car,421.484456
BI76326,California,F,College,12275.0,52135.0,156.0,0,Personal Auto,SUV,430.505942
JA34909,California,F,College,2722.0,17576.0,71.0,0,Corporate Auto,Four-Door Car,398.502948
OJ90342,Oregon,F,Bachelor,2457.0,29486.0,62.0,0,Personal Auto,Four-Door Car,7.646763
CM88932,Oregon,F,Master,3555.0,58557.0,88.0,0,Corporate Auto,Four-Door Car,55.510526
JJ97525,California,M,Bachelor,4930.0,25632.0,63.0,0,Personal Auto,Two-Door Car,351.270869
XV21647,California,F,High School or Below,8036.0,0.0,112.0,0,Personal Auto,Luxury,806.4
MC83487,Arizona,M,Bachelor,4277.0,18768.0,68.0,3,Corporate Auto,Four-Door Car,647.454583
BL90769,California,F,Bachelor,33473.0,33190.0,106.0,0,Personal Auto,SUV,508.8
CR57148,Oregon,F,Master,5961.0,47945.0,74.0,0,Personal Auto,Two-Door Car,128.43823
CP85232,Arizona,M,College,44795.0,58778.0,126.0,0,Special Auto,SUV,302.033971
YL74732,California,F,High School or Below,3832.0,15192.0,100.0,0,Personal Auto,SUV,480.0
FG16766,California,F,Bachelor,6838.0,51859.0,171.0,0,Personal Auto,SUV,1003.160633
NV55438,Nevada,F,High School or Below,5285.0,23422.0,72.0,0,Personal Auto,Two-Door Car,518.4
RM10880,California,F,College,3097.0,21604.0,79.0,0,Corporate Auto,Four-Door Car,379.2
GL56175,Arizona,M,College,3590.0,79298.0,90.0,0,Personal Auto,Four-Door Car,244.362072
UK52289,Arizona,F,Bachelor,2582.0,76731.0,64.0,0,Special Auto,Four-Door Car,201.455005
OT85112,Washington,M,College,3404.0,38460.0,88.0,1,Personal Auto,Four-Door Car,91.55098
BC62782,Arizona,F,College,13576.0,48534.0,115.0,1,Personal Auto,SUV,552.0
TI19722,Washington,M,Doctor,3436.0,30817.0,88.0,0,Corporate Auto,Four-Door Car,91.834668
JP30654,Oregon,F,College,28686.0,48412.0,104.0,0,Personal Auto,SUV,707.430832
UM45563,Washington,M,Bachelor,4503.0,68798.0,114.0,0,Personal Auto,SUV,92.915251
EN60878,Oregon,M,Bachelor,6183.0,23712.0,85.0,0,Personal Auto,Four-Door Car,376.126419
JF36291,California,M,College,3874.0,28142.0,105.0,0,Personal Auto,Luxury,701.708239
BK59444,California,F,Master,18929.0,72196.0,68.0,0,Personal Auto,Four-Door Car,152.184244
MK70700,California,M,Master,5553.0,68197.0,69.0,0,Personal Auto,Four-Door Car,176.819414
IW71076,California,M,Bachelor,5011.0,75248.0,63.0,0,Corporate Auto,Four-Door Car,104.454624
AP98768,California,F,College,10442.0,0.0,98.0,0,Personal Auto,Four-Door Car,941.718054
OM24164,Nevada,M,Bachelor,2200.0,0.0,65.0,1,Personal Auto,Two-Door Car,468.0
HR85211,Washington,F,Master,5123.0,89879.0,63.0,0,Personal Auto,Two-Door Car,94.030308
VC87846,Oregon,M,High School or Below,7484.0,46998.0,96.0,0,Corporate Auto,Four-Door Car,460.8
ZM92052,Oregon,M,Bachelor,2613.0,57099.0,67.0,0,Personal Auto,Two-Door Car,67.859881
ON73702,Arizona,F,Bachelor,9081.0,33897.0,114.0,0,Corporate Auto,SUV,539.843003
QQ90441,Nevada,F,High School or Below,13771.0,59207.0,116.0,0,Personal Auto,Four-Door Car,556.8
HU35721,Oregon,M,High School or Below,2877.0,40171.0,73.0,0,Personal Auto,Four-Door Car,350.4
YP47665,Washington,M,Doctor,5409.0,80192.0,67.0,0,Personal Auto,Four-Door Car,95.193157
FU99476,Washington,M,High School or Below,6770.0,74422.0,85.0,1,Personal Auto,Four-Door Car,95.338505
AG85615,Oregon,M,College,24144.0,0.0,87.0,0,Special Auto,Four-Door Car,626.4
OY74069,Arizona,F,College,3538.0,0.0,67.0,5,Personal Auto,Four-Door Car,321.6
DJ91267,Nevada,F,Bachelor,29091.0,34226.0,244.0,0,Personal Auto,Luxury,494.395024
KB72438,California,F,High School or Below,19834.0,65989.0,123.0,1,Personal Auto,SUV,115.545086
TR67616,Oregon,M,High School or Below,4731.0,30686.0,61.0,0,Corporate Auto,Four-Door Car,19.938981
GF65731,California,F,Master,35538.0,0.0,113.0,0,Personal Auto,Luxury,799.926741
HB67642,Arizona,F,High School or Below,34611.0,20090.0,109.0,0,Personal Auto,Luxury,523.2
DP84567,California,M,High School or Below,20216.0,0.0,183.0,0,Personal Auto,Luxury,878.4
VV77534,Oregon,M,College,13977.0,77094.0,176.0,0,Personal Auto,SUV,444.470676
GL67540,California,F,College,5904.0,97413.0,73.0,0,Personal Auto,Four-Door Car,268.819985
SV50502,Oregon,F,Master,5596.0,79189.0,69.0,0,Corporate Auto,Four-Door Car,331.2
UK59698,California,F,High School or Below,2294.0,0.0,62.0,0,Personal Auto,Two-Door Car,297.6
OA57352,Arizona,F,College,6274.0,18577.0,86.0,0,Personal Auto,Four-Door Car,412.8
ZF84449,Oregon,F,College,3727.0,0.0,112.0,1,Special Auto,Luxury,806.4
AX86150,Washington,M,High School or Below,2657.0,62777.0,67.0,0,Personal Auto,Two-Door Car,101.288069
HG39060,Oregon,M,Bachelor,5111.0,0.0,74.0,0,Corporate Auto,Four-Door Car,532.8
EM29359,Nevada,M,College,7127.0,17483.0,183.0,0,Personal Auto,Luxury,1317.6
SF57173,Oregon,M,Master,4602.0,84394.0,114.0,0,Personal Auto,SUV,691.412378
OT47603,Oregon,M,College,9155.0,0.0,127.0,0,Personal Auto,Luxury,804.811859
SW31412,Oregon,F,College,14808.0,41440.0,62.0,1,Personal Auto,Four-Door Car,297.6
JS36322,Arizona,M,High School or Below,8902.0,0.0,136.0,1,Personal Auto,Luxury,1090.86434
RE81445,Oregon,F,College,5735.0,98132.0,71.0,0,Personal Auto,Two-Door Car,50.587035
RM24280,Oregon,F,High School or Below,4178.0,0.0,112.0,0,Personal Auto,Four-Door Car,537.6
LC25393,California,M,Bachelor,27776.0,88220.0,230.0,0,Personal Auto,Luxury,151.528482
UX38930,Arizona,F,Master,10364.0,58327.0,129.0,0,Personal Auto,SUV,347.075948
HD95496,Oregon,M,Master,7852.0,25950.0,66.0,0,Personal Auto,Two-Door Car,271.697529
RX24650,Oregon,M,High School or Below,4773.0,20993.0,133.0,0,Corporate Auto,SUV,638.4
DW19309,Oregon,M,High School or Below,14227.0,65726.0,177.0,0,Corporate Auto,SUV,849.6
MT41386,Washington,M,Bachelor,2875.0,84768.0,72.0,0,Personal Auto,Two-Door Car,110.484661
WZ40465,Washington,F,Bachelor,5041.0,36234.0,63.0,0,Personal Auto,Four-Door Car,113.534474
DB42794,California,M,College,4363.0,58842.0,110.0,0,Personal Auto,Four-Door Car,528.0
JB50798,Oregon,F,Master,9625.0,25629.0,124.0,2,Corporate Auto,Luxury,595.2
IP69763,Washington,F,College,21914.0,77311.0,181.0,0,Personal Auto,SUV,113.609508
TE35785,California,M,Doctor,6948.0,0.0,196.0,2,Personal Auto,Luxury,1337.063487
HX74855,Washington,M,High School or Below,2472.0,95697.0,61.0,0,Personal Auto,Two-Door Car,114.273025
QN65180,Oregon,F,Bachelor,21904.0,22254.0,79.0,0,Personal Auto,Four-Door Car,125.194389
GE47180,Nevada,M,High School or Below,9029.0,65974.0,113.0,0,Personal Auto,Luxury,235.220971
VQ38776,Oregon,F,College,5304.0,0.0,76.0,0,Personal Auto,Four-Door Car,395.34111
BH86846,Washington,M,High School or Below,20708.0,92079.0,65.0,1,Corporate Auto,Four-Door Car,114.798771
IN17648,Nevada,M,High School or Below,5124.0,0.0,74.0,0,Personal Auto,Two-Door Car,772.798511
DF95759,Oregon,M,College,9492.0,0.0,132.0,0,Personal Auto,SUV,633.6
QG45324,Oregon,F,High School or Below,8205.0,0.0,73.0,0,Personal Auto,Four-Door Car,350.4
MN61620,Arizona,F,College,9877.0,67752.0,131.0,4,Personal Auto,Luxury,168.517149
YH86390,California,F,Bachelor,4815.0,25398.0,64.0,0,Corporate Auto,Four-Door Car,307.2
FY13480,California,M,High School or Below,6277.0,0.0,88.0,0,Personal Auto,Four-Door Car,633.6
YH61661,California,M,High School or Below,8261.0,33321.0,105.0,0,Special Auto,SUV,504.0
NL93182,Nevada,M,Bachelor,2549.0,0.0,78.0,0,Corporate Auto,Four-Door Car,845.654042
LN31673,Washington,F,College,11318.0,38923.0,99.0,2,Personal Auto,Four-Door Car,115.728852
WE68644,Oregon,F,Bachelor,3804.0,20325.0,100.0,0,Personal Auto,Luxury,668.29397
EZ30498,Oregon,M,Bachelor,8635.0,13129.0,117.0,0,Personal Auto,SUV,700.901632
QY74517,Oregon,F,High School or Below,5511.0,0.0,73.0,0,Personal Auto,Four-Door Car,525.6
NM88660,Nevada,M,Master,3586.0,49080.0,91.0,0,Corporate Auto,Four-Door Car,25.299
MZ82036,Nevada,M,College,4889.0,42536.0,63.0,0,Personal Auto,Four-Door Car,375.330097
ID20929,Oregon,M,Bachelor,2757.0,29926.0,74.0,0,Corporate Auto,Four-Door Car,418.233667
EY50028,Nevada,M,Doctor,3290.0,0.0,86.0,0,Corporate Auto,Two-Door Car,398.240791
TT82373,California,F,Bachelor,10937.0,21450.0,138.0,0,Personal Auto,Luxury,938.513425
OH64088,California,M,High School or Below,7376.0,33345.0,65.0,0,Corporate Auto,Four-Door Car,338.619869
SK97780,California,F,Bachelor,10111.0,15752.0,90.0,0,Corporate Auto,Two-Door Car,339.344531
IO33050,Oregon,F,High School or Below,5119.0,40169.0,65.0,1,Personal Auto,Four-Door Car,302.818833
XA55917,California,F,College,8534.0,26049.0,113.0,1,Personal Auto,SUV,619.165344
JK32620,Nevada,M,College,2225.0,0.0,68.0,0,Personal Auto,Four-Door Car,326.4
RQ19236,Arizona,M,Doctor,8043.0,55411.0,100.0,0,Personal Auto,Luxury,259.561195
QC47433,Oregon,M,College,2554.0,12459.0,70.0,0,Personal Auto,Four-Door Car,336.0
RA93608,Oregon,M,Bachelor,18074.0,64620.0,76.0,1,Personal Auto,Two-Door Car,364.8
XH97711,California,M,Bachelor,2431.0,83140.0,61.0,0,Corporate Auto,Four-Door Car,179.161843
AU96286,Oregon,F,Bachelor,3168.0,0.0,92.0,0,Corporate Auto,Four-Door Car,662.4
KC17170,Arizona,F,Bachelor,5466.0,54422.0,68.0,0,Corporate Auto,Four-Door Car,75.501852
ZN47335,California,M,College,10358.0,68309.0,131.0,0,Corporate Auto,SUV,306.983596
EI46264,California,M,High School or Below,2538.0,56621.0,65.0,2,Personal Auto,Four-Door Car,84.026848
EK87864,Arizona,F,College,2822.0,38977.0,70.0,0,Special Auto,Four-Door Car,139.489926
GV45403,Arizona,M,Bachelor,7757.0,0.0,111.0,0,Corporate Auto,Two-Door Car,607.4459
QK31192,Arizona,M,High School or Below,4079.0,0.0,114.0,0,Corporate Auto,Two-Door Car,631.124372
LU89008,Arizona,F,College,5956.0,0.0,83.0,0,Personal Auto,Four-Door Car,628.023494
NS10490,Oregon,F,Bachelor,14159.0,83235.0,70.0,0,Personal Auto,Two-Door Car,336.0
KL98495,Nevada,M,College,8487.0,0.0,74.0,0,Personal Auto,Two-Door Car,426.655599
IU96845,Arizona,M,College,6285.0,32390.0,80.0,0,Personal Auto,Four-Door Car,91.417923
QL93655,Oregon,F,High School or Below,11473.0,66538.0,95.0,0,Personal Auto,Two-Door Car,317.844812
PF40592,Washington,F,College,4943.0,23285.0,65.0,0,Personal Auto,Two-Door Car,118.446235
LZ34046,Oregon,M,Bachelor,23595.0,76358.0,66.0,0,Personal Auto,Four-Door Car,86.461582
JC80093,Washington,M,Master,2573.0,21104.0,66.0,0,Personal Auto,Four-Door Car,118.454974
YE88490,Arizona,F,College,5381.0,55350.0,67.0,0,Personal Auto,Four-Door Car,321.6
YC80498,California,F,College,4771.0,12964.0,65.0,0,Personal Auto,Two-Door Car,362.774545
AI85843,Arizona,F,Master,6757.0,33288.0,86.0,2,Personal Auto,Four-Door Car,221.856184
XD66024,Arizona,F,College,5936.0,0.0,84.0,0,Personal Auto,Four-Door Car,980.169081
FY51713,Arizona,F,Bachelor,3571.0,56168.0,88.0,0,Personal Auto,Four-Door Car,614.675906
PH26378,California,M,College,6020.0,0.0,92.0,0,Personal Auto,Four-Door Car,662.4
WQ18638,Oregon,M,High School or Below,5427.0,23105.0,69.0,0,Personal Auto,Two-Door Car,331.2
KY14688,Oregon,F,Master,2730.0,36218.0,68.0,0,Personal Auto,Four-Door Car,145.252168
TC97762,California,F,High School or Below,4983.0,52275.0,62.0,0,Corporate Auto,Four-Door Car,374.240783
QC87108,Oregon,F,College,8769.0,49665.0,74.0,0,Personal Auto,Four-Door Car,355.2
CX12134,Nevada,M,High School or Below,4221.0,32471.0,110.0,0,Personal Auto,Two-Door Car,528.0
SM73248,Arizona,M,High School or Below,11538.0,0.0,86.0,1,Corporate Auto,Two-Door Car,619.2
CK19789,California,F,Master,5887.0,62773.0,73.0,0,Personal Auto,Four-Door Car,80.669257
UV12583,California,F,College,4701.0,76694.0,117.0,0,Personal Auto,SUV,561.6
JC11405,Oregon,M,High School or Below,10964.0,55687.0,276.0,0,Personal Auto,Luxury,1324.8
KA89683,Arizona,F,High School or Below,2523.0,0.0,70.0,0,Personal Auto,Four-Door Car,504.0
BG85305,Nevada,M,Doctor,3758.0,36633.0,96.0,1,Personal Auto,Four-Door Car,460.8
UQ87917,Oregon,M,High School or Below,12942.0,77060.0,106.0,0,Personal Auto,SUV,468.566133
XN11823,Nevada,F,Bachelor,3764.0,92600.0,94.0,0,Corporate Auto,Two-Door Car,842.43785
OS46571,California,M,High School or Below,6890.0,0.0,66.0,0,Personal Auto,Four-Door Car,475.2
PX17116,Nevada,M,College,3623.0,0.0,111.0,2,Corporate Auto,SUV,1171.93117
RP19541,Arizona,M,College,7582.0,64801.0,64.0,0,Personal Auto,Four-Door Car,268.471802
ZR25747,Oregon,F,College,8278.0,45257.0,103.0,0,Corporate Auto,Two-Door Car,494.4
NQ86532,California,M,High School or Below,2576.0,26854.0,66.0,0,Personal Auto,Four-Door Car,475.2
JY27336,Oregon,F,College,8205.0,85840.0,102.0,2,Corporate Auto,SUV,138.722385
PB54378,Oregon,F,Doctor,19582.0,26463.0,72.0,0,Corporate Auto,Four-Door Car,345.6
SV38190,Nevada,F,Bachelor,6482.0,30689.0,81.0,0,Personal Auto,Four-Door Car,467.24802
CV24005,Oregon,M,High School or Below,2599.0,29590.0,66.0,0,Corporate Auto,Two-Door Car,467.503236
EX28656,Oregon,F,College,9830.0,25965.0,253.0,0,Personal Auto,Luxury,1214.4
CF57022,Oregon,M,Bachelor,10443.0,17269.0,139.0,0,Personal Auto,SUV,667.2
GM16780,Oregon,M,College,36058.0,90330.0,137.0,3,Corporate Auto,Luxury,192.085299
BX94438,California,F,High School or Below,8470.0,0.0,113.0,0,Corporate Auto,SUV,619.973889
RM41745,California,F,High School or Below,8279.0,0.0,110.0,0,Personal Auto,Four-Door Car,1002.782553
XR70252,California,F,High School or Below,4789.0,0.0,67.0,1,Personal Auto,Two-Door Car,321.6
YH92099,Arizona,F,Bachelor,3088.0,18558.0,80.0,0,Special Auto,Four-Door Car,384.0
SG81493,Arizona,M,Bachelor,4444.0,46384.0,113.0,0,Corporate Auto,Four-Door Car,251.774574
ZX23819,Oregon,F,High School or Below,7984.0,0.0,72.0,0,Personal Auto,Two-Door Car,866.208321
FJ54907,Oregon,F,College,7181.0,42303.0,180.0,0,Personal Auto,Luxury,1210.920949
CU26127,California,F,Bachelor,15656.0,71731.0,130.0,0,Corporate Auto,SUV,599.648466
YH60476,Oregon,M,High School or Below,5780.0,51066.0,74.0,0,Corporate Auto,Four-Door Car,787.993313
ZZ97035,California,M,College,20715.0,0.0,203.0,0,Corporate Auto,Luxury,2027.724442
GE82737,Nevada,F,Bachelor,5337.0,0.0,86.0,3,Personal Auto,Four-Door Car,619.2
KY21873,Arizona,M,College,5051.0,0.0,69.0,0,Personal Auto,Two-Door Car,72.852047
UA51318,Arizona,F,High School or Below,5117.0,26173.0,68.0,1,Corporate Auto,Four-Door Car,449.819671
BV55014,Oregon,M,Bachelor,7269.0,24445.0,63.0,0,Personal Auto,Two-Door Car,302.4
HX21307,Oregon,M,College,2617.0,72302.0,66.0,0,Personal Auto,Two-Door Car,316.8
LQ68252,Oregon,M,High School or Below,3738.0,27208.0,102.0,0,Personal Auto,SUV,489.6
CR92802,California,F,Master,2725.0,36650.0,69.0,1,Special Auto,Four-Door Car,56.60333
SL35268,Arizona,M,College,5454.0,30855.0,68.0,0,Corporate Auto,Four-Door Car,259.060862
RD62882,Arizona,F,Bachelor,6846.0,0.0,95.0,0,Personal Auto,Two-Door Car,456.0
JS42382,Oregon,M,Master,6173.0,99960.0,76.0,0,Corporate Auto,Four-Door Car,364.8
BT30554,Arizona,F,Bachelor,10346.0,0.0,98.0,0,Personal Auto,Four-Door Car,470.4
VP57424,Nevada,F,Bachelor,6997.0,55873.0,88.0,0,Personal Auto,Four-Door Car,299.356083
VU19243,Arizona,F,High School or Below,4196.0,18052.0,111.0,0,Personal Auto,Four-Door Car,699.1679
TA82973,Oregon,F,High School or Below,7858.0,28937.0,104.0,2,Personal Auto,SUV,117.959654
GK71720,Oregon,F,High School or Below,6064.0,0.0,86.0,0,Personal Auto,Four-Door Car,545.240341
OQ61223,California,M,College,17498.0,0.0,73.0,0,Personal Auto,Two-Door Car,350.4
LL62746,Oregon,M,Doctor,8971.0,12829.0,118.0,0,Personal Auto,SUV,328.231432
JQ56711,Oregon,F,Master,5923.0,92163.0,73.0,0,Personal Auto,Two-Door Car,66.568642
AW77988,Oregon,M,High School or Below,35851.0,17588.0,192.0,0,Personal Auto,Luxury,1382.4
QP84605,Washington,F,Bachelor,8710.0,41546.0,111.0,0,Corporate Auto,Four-Door Car,121.306839
MY97912,Arizona,M,College,13309.0,0.0,127.0,0,Personal Auto,SUV,609.6
IB87349,California,M,High School or Below,4529.0,70340.0,113.0,0,Special Auto,Four-Door Car,542.4
AW73065,Oregon,F,High School or Below,2792.0,0.0,74.0,0,Personal Auto,Four-Door Car,532.8
BW80872,Washington,M,High School or Below,4434.0,34549.0,111.0,0,Personal Auto,Four-Door Car,125.933005
PX70175,Arizona,M,College,7996.0,93459.0,99.0,0,Personal Auto,Four-Door Car,655.41333
KF75098,Arizona,M,Bachelor,5130.0,86148.0,65.0,2,Personal Auto,Four-Door Car,312.0
IS50283,California,F,Bachelor,5697.0,27048.0,72.0,0,Corporate Auto,Four-Door Car,345.6
MY64920,Oregon,F,College,9217.0,73259.0,115.0,0,Personal Auto,SUV,673.34265
KN34250,Oregon,F,College,10209.0,35482.0,129.0,0,Corporate Auto,SUV,619.2
GN46207,Oregon,F,Master,4171.0,29462.0,107.0,1,Personal Auto,SUV,513.6
KL57176,Oregon,F,College,4505.0,67801.0,115.0,1,Personal Auto,SUV,23.810491
MN94234,California,M,High School or Below,3108.0,0.0,94.0,4,Personal Auto,Two-Door Car,451.2
JY90595,Arizona,M,High School or Below,5529.0,16042.0,73.0,0,Personal Auto,Two-Door Car,350.4
HK26543,California,M,High School or Below,5046.0,28056.0,64.0,1,Personal Auto,Four-Door Car,307.2
PN86062,California,M,High School or Below,2963.0,16495.0,85.0,3,Corporate Auto,Four-Door Car,408.0
VW27730,California,F,Master,8666.0,41163.0,108.0,0,Corporate Auto,SUV,231.922173
SH55671,Arizona,F,College,11413.0,0.0,161.0,1,Personal Auto,Luxury,772.8
MO56878,California,M,Bachelor,15488.0,33799.0,109.0,3,Corporate Auto,SUV,664.980242
VO38365,Washington,F,College,8861.0,90125.0,110.0,0,Corporate Auto,SUV,128.645946
SV35618,Oregon,F,Bachelor,5935.0,87747.0,147.0,1,Personal Auto,SUV,46.492039
RX12347,Nevada,M,College,3543.0,35695.0,90.0,0,Personal Auto,Four-Door Car,432.0
FR55658,California,M,Master,3490.0,90985.0,87.0,0,Personal Auto,Four-Door Car,78.085149
XS12556,California,F,College,3683.0,0.0,101.0,0,Corporate Auto,Luxury,564.466556
ZU73588,California,M,College,5990.0,66839.0,154.0,0,Personal Auto,Luxury,739.2
WT43034,California,F,High School or Below,12501.0,0.0,165.0,0,Personal Auto,SUV,792.0
VM13430,Oregon,F,Bachelor,8609.0,79090.0,107.0,0,Corporate Auto,SUV,289.040734
TC78849,Oregon,M,Bachelor,2497.0,24825.0,64.0,0,Personal Auto,Two-Door Car,155.938593
VC34764,California,M,College,7019.0,26806.0,63.0,0,Personal Auto,Four-Door Car,302.4
WO90953,Oregon,F,College,5388.0,56835.0,67.0,0,Personal Auto,Two-Door Car,326.549425
IU47468,Oregon,F,Bachelor,6166.0,0.0,88.0,0,Special Auto,Two-Door Car,653.65668
KO46064,California,M,Bachelor,2730.0,46135.0,69.0,0,Personal Auto,Four-Door Car,103.935601
RB34917,Arizona,F,Bachelor,5162.0,0.0,73.0,0,Personal Auto,Four-Door Car,809.532341
BI38192,Oregon,F,High School or Below,7937.0,22862.0,67.0,0,Personal Auto,Two-Door Car,321.6
PU18983,Oregon,F,High School or Below,8608.0,21450.0,110.0,2,Personal Auto,Luxury,528.0
SW79912,Oregon,M,Bachelor,2633.0,95854.0,65.0,0,Personal Auto,Two-Door Car,312.0
ES39217,Oregon,F,Bachelor,7785.0,44897.0,99.0,1,Personal Auto,Four-Door Car,580.72531
KP72427,Washington,M,High School or Below,21640.0,64455.0,108.0,0,Personal Auto,SUV,133.735395
UA19178,Oregon,F,Master,4981.0,53265.0,62.0,0,Personal Auto,Four-Door Car,238.005074
PR53785,Arizona,F,High School or Below,7457.0,0.0,198.0,1,Personal Auto,Luxury,1577.674417
XF57481,Washington,M,Master,10641.0,50450.0,90.0,0,Personal Auto,Two-Door Car,135.892444
CN90378,California,F,High School or Below,6863.0,54780.0,88.0,3,Personal Auto,Four-Door Car,135.26125
KI56154,Nevada,M,High School or Below,9049.0,0.0,119.0,0,Personal Auto,Luxury,571.2
UI55951,California,M,Bachelor,5548.0,67798.0,69.0,0,Personal Auto,Four-Door Car,331.2
FF28650,Oregon,M,Bachelor,8313.0,21442.0,118.0,0,Personal Auto,SUV,566.4
FS55302,California,M,Bachelor,2390.0,27615.0,62.0,1,Personal Auto,Four-Door Car,297.6
TN79487,California,M,Bachelor,4458.0,17622.0,65.0,1,Personal Auto,Four-Door Car,312.0
HG32616,Nevada,M,High School or Below,5296.0,50200.0,135.0,0,Personal Auto,Luxury,637.063458
UK41984,Arizona,F,Doctor,3840.0,0.0,112.0,2,Personal Auto,SUV,537.6
LZ52266,California,F,High School or Below,3732.0,0.0,96.0,0,Personal Auto,Four-Door Car,460.8
PM27367,California,F,Master,2779.0,73570.0,70.0,1,Special Auto,Two-Door Car,75.936096
ZK21724,Oregon,F,High School or Below,4017.0,0.0,111.0,0,Personal Auto,SUV,799.2
BH35482,Washington,M,Doctor,4931.0,70412.0,61.0,0,Corporate Auto,Two-Door Car,136.291083
QE22757,Nevada,M,Doctor,2491.0,36631.0,62.0,0,Personal Auto,Four-Door Car,67.530904
ON77649,Oregon,F,College,2909.0,35895.0,73.0,0,Personal Auto,Four-Door Car,312.921256
RN82884,Arizona,F,College,4283.0,40864.0,109.0,1,Personal Auto,SUV,166.937747
CQ75652,Oregon,M,College,8342.0,0.0,118.0,0,Personal Auto,Four-Door Car,566.4
FF58467,Arizona,F,Master,5091.0,93018.0,63.0,0,Personal Auto,Four-Door Car,135.382194
BS83666,Oregon,M,Bachelor,7366.0,70014.0,62.0,0,Corporate Auto,Four-Door Car,17.742954
WO29605,Oregon,F,College,2437.0,48875.0,61.0,0,Personal Auto,Two-Door Car,1.838367
TL77607,California,M,Bachelor,8853.0,67969.0,74.0,0,Personal Auto,Four-Door Car,197.776009
EZ50606,Oregon,F,High School or Below,23875.0,0.0,108.0,0,Corporate Auto,SUV,612.102262
OS39723,Oregon,F,Doctor,5600.0,68665.0,69.0,0,Personal Auto,Two-Door Car,331.2
FN69743,California,M,College,4637.0,26802.0,66.0,1,Corporate Auto,Two-Door Car,316.8
XW96958,Nevada,M,High School or Below,7573.0,0.0,110.0,0,Corporate Auto,Four-Door Car,1193.036154
TU92578,California,M,College,14697.0,45345.0,125.0,0,Personal Auto,SUV,600.0
TL43709,Washington,M,Bachelor,8972.0,89689.0,74.0,0,Personal Auto,Four-Door Car,136.829537
YE68736,California,F,Bachelor,7725.0,32051.0,193.0,1,Personal Auto,SUV,926.4
OB96537,Oregon,M,Master,5947.0,81139.0,74.0,0,Special Auto,Four-Door Car,392.6364
EU68825,Oregon,F,Master,8001.0,63834.0,100.0,1,Personal Auto,Luxury,215.226476
CC31456,Arizona,M,Bachelor,6458.0,37548.0,81.0,0,Special Auto,Four-Door Car,160.598662
DJ77787,Arizona,F,High School or Below,7281.0,0.0,69.0,3,Personal Auto,Four-Door Car,371.803029
LN26837,California,M,High School or Below,2592.0,72421.0,65.0,0,Personal Auto,Four-Door Car,312.0
YI92916,Nevada,M,Master,4678.0,83102.0,116.0,0,Corporate Auto,Four-Door Car,443.670399
NW54906,Oregon,M,College,13870.0,28432.0,118.0,0,Personal Auto,SUV,612.300581
ME77513,Nevada,F,Master,8718.0,83707.0,108.0,0,Corporate Auto,Four-Door Car,290.391526
UK76891,California,F,College,5234.0,63259.0,65.0,0,Corporate Auto,Four-Door Car,316.795337
SI26888,Nevada,F,High School or Below,4764.0,0.0,67.0,0,Personal Auto,Four-Door Car,405.527937
YD74948,Oregon,F,College,2472.0,63860.0,62.0,0,Personal Auto,Four-Door Car,208.598246
HB64268,Washington,M,Bachelor,2814.0,43836.0,73.0,0,Personal Auto,Four-Door Car,138.130879
BW52697,California,F,College,5505.0,86132.0,68.0,0,Personal Auto,Two-Door Car,301.437365
NL41409,Oregon,F,Bachelor,2606.0,28519.0,66.0,0,Personal Auto,Two-Door Car,456.473115
OD69005,Arizona,F,High School or Below,10482.0,39102.0,88.0,0,Personal Auto,Four-Door Car,152.338562
ZZ91716,California,F,Bachelor,3257.0,0.0,89.0,0,Personal Auto,Four-Door Car,491.755368
UK70255,California,F,College,30476.0,97298.0,128.0,0,Personal Auto,Luxury,48.517439
QT25383,Nevada,M,High School or Below,6365.0,41986.0,84.0,2,Personal Auto,Two-Door Car,430.375049
AW18068,Arizona,M,High School or Below,9469.0,0.0,88.0,0,Personal Auto,Two-Door Car,633.6
NS45347,Oregon,F,College,5631.0,17291.0,73.0,0,Personal Auto,Four-Door Car,350.4
FV19421,California,M,Bachelor,7781.0,0.0,74.0,0,Personal Auto,Four-Door Car,246.489123
XW89091,California,M,College,9817.0,37256.0,62.0,0,Personal Auto,Four-Door Car,128.969729
YC11951,Oregon,M,High School or Below,7519.0,96306.0,95.0,1,Corporate Auto,Four-Door Car,185.355353
UY18770,California,F,Bachelor,10180.0,14290.0,271.0,0,Personal Auto,Luxury,1300.8
RA49085,California,F,College,2773.0,37038.0,71.0,1,Corporate Auto,Four-Door Car,9.071305
BG84194,Oregon,M,College,4038.0,90760.0,103.0,2,Special Auto,SUV,133.475315
PT64580,Washington,M,Master,4192.0,77048.0,103.0,0,Personal Auto,SUV,141.199465
MR67738,Oregon,F,High School or Below,2677.0,54480.0,67.0,0,Personal Auto,Four-Door Car,321.6
DM95829,California,M,College,2524.0,16244.0,68.0,0,Personal Auto,Two-Door Car,623.223617
DB75522,California,F,College,6988.0,22436.0,89.0,0,Special Auto,Four-Door Car,427.2
LM34525,Washington,F,College,8742.0,71592.0,72.0,0,Personal Auto,Four-Door Car,141.725051
WW30771,Arizona,M,Master,2673.0,28728.0,67.0,0,Personal Auto,Four-Door Car,321.6
QP65569,Arizona,M,High School or Below,12157.0,57449.0,103.0,0,Personal Auto,Four-Door Car,494.4
TN50051,California,F,Doctor,2958.0,83318.0,73.0,0,Personal Auto,Two-Door Car,211.336937
UO86707,Washington,M,Bachelor,7174.0,75217.0,61.0,1,Personal Auto,Four-Door Car,147.080303
JA41698,Nevada,M,Bachelor,3100.0,0.0,102.0,5,Corporate Auto,SUV,862.762957
NX18774,Oregon,M,Bachelor,8416.0,55308.0,107.0,0,Corporate Auto,SUV,513.6
DA69469,Oregon,F,College,26843.0,36068.0,97.0,0,Personal Auto,Two-Door Car,113.367765
CN23147,Oregon,M,Bachelor,13057.0,48804.0,112.0,1,Corporate Auto,Four-Door Car,537.6
RA68844,Oregon,M,College,9600.0,0.0,131.0,0,Personal Auto,SUV,943.2
GH42026,Oregon,M,Bachelor,8535.0,55790.0,111.0,0,Personal Auto,SUV,117.672722
BD16530,Arizona,F,Bachelor,8293.0,70258.0,69.0,0,Personal Auto,Four-Door Car,225.145949
JH91579,Oregon,F,Bachelor,6846.0,0.0,95.0,0,Personal Auto,Two-Door Car,456.0
WK23685,Oregon,F,Bachelor,6637.0,47274.0,83.0,1,Corporate Auto,Four-Door Car,182.432565
GR62267,Washington,F,College,5609.0,44705.0,71.0,0,Personal Auto,Two-Door Car,148.173152
PI78084,Arizona,M,High School or Below,5077.0,0.0,73.0,0,Personal Auto,Two-Door Car,525.6
GF97874,Washington,F,Master,5276.0,70446.0,65.0,0,Personal Auto,Four-Door Car,155.570802
ZH19885,Washington,F,High School or Below,2515.0,43860.0,65.0,0,Personal Auto,Four-Door Car,156.124914
UK25655,Oregon,F,Bachelor,3435.0,64348.0,86.0,0,Personal Auto,Two-Door Car,212.391975
QR45101,Oregon,M,Bachelor,6625.0,0.0,62.0,0,Corporate Auto,Two-Door Car,297.6
EL93539,California,M,Master,5757.0,88997.0,72.0,0,Special Auto,Four-Door Car,174.041566
EE99484,Washington,F,High School or Below,2515.0,43860.0,65.0,0,Corporate Auto,Four-Door Car,156.124914
DP46882,California,F,High School or Below,2886.0,10312.0,78.0,0,Corporate Auto,Four-Door Car,486.278557
WP41146,California,F,High School or Below,5341.0,0.0,72.0,1,Personal Auto,Four-Door Car,345.6
TK60799,Arizona,F,High School or Below,4160.0,96263.0,103.0,0,Personal Auto,SUV,1.924709
DN29808,California,F,College,2846.0,28919.0,72.0,0,Corporate Auto,Four-Door Car,518.4
SS59521,Oregon,F,College,4770.0,0.0,68.0,1,Personal Auto,Two-Door Car,326.4
NG66579,Oregon,M,Bachelor,5060.0,41869.0,64.0,0,Personal Auto,Two-Door Car,262.12205
TC14209,Arizona,F,High School or Below,9096.0,0.0,128.0,0,Personal Auto,SUV,921.6
ED50963,California,F,High School or Below,2689.0,32808.0,68.0,1,Personal Auto,Four-Door Car,541.695658
GP40701,California,F,Bachelor,8278.0,79780.0,68.0,0,Personal Auto,Four-Door Car,326.4
CP98451,Oregon,F,College,9058.0,91025.0,112.0,0,Personal Auto,SUV,327.682669
NX52648,California,F,High School or Below,3802.0,33043.0,95.0,0,Personal Auto,Two-Door Car,456.0
ZC32510,Arizona,M,High School or Below,9339.0,69442.0,118.0,3,Personal Auto,Four-Door Car,1265.570302
NG27780,Oregon,M,College,2520.0,0.0,70.0,0,Corporate Auto,Four-Door Car,63.043197
HN95240,Arizona,F,College,4984.0,0.0,70.0,0,Corporate Auto,Four-Door Car,336.0
EB59129,Oregon,F,Bachelor,2596.0,47234.0,65.0,0,Personal Auto,Four-Door Car,15.631363
RA70851,Oregon,M,High School or Below,7438.0,86863.0,92.0,0,Personal Auto,Four-Door Car,441.6
PM19162,Oregon,M,Bachelor,14537.0,25805.0,66.0,2,Personal Auto,Four-Door Car,375.866091
MS59005,Nevada,M,Bachelor,5913.0,43676.0,76.0,0,Personal Auto,Four-Door Car,364.8
SU71163,Arizona,M,College,2772.0,59855.0,74.0,4,Personal Auto,Two-Door Car,355.2
BD35676,Arizona,M,Master,29194.0,35296.0,126.0,0,Personal Auto,SUV,452.616872
NI44621,Oregon,F,Master,9880.0,36576.0,125.0,1,Personal Auto,SUV,113.450122
EW33419,California,F,High School or Below,15114.0,28513.0,100.0,1,Corporate Auto,SUV,480.0
HX44948,Oregon,M,Bachelor,5760.0,85448.0,72.0,0,Special Auto,Four-Door Car,16.03451
DL36983,Oregon,F,High School or Below,8495.0,23791.0,110.0,3,Personal Auto,Two-Door Car,615.27228
XR87264,California,F,Bachelor,4381.0,20597.0,112.0,0,Personal Auto,Four-Door Car,615.256301
NN99001,Arizona,F,College,6998.0,56940.0,87.0,0,Personal Auto,Four-Door Car,512.66245
XV95530,Oregon,M,Bachelor,11431.0,93210.0,71.0,0,Personal Auto,Two-Door Car,74.523935
OL97871,Oregon,F,Bachelor,7482.0,48992.0,94.0,1,Personal Auto,Four-Door Car,426.072946
HQ23708,Arizona,F,Master,8597.0,53736.0,71.0,0,Personal Auto,Two-Door Car,169.287785
WR63188,Arizona,M,College,7855.0,25378.0,66.0,1,Personal Auto,Four-Door Car,419.464143
NG82219,Oregon,F,Bachelor,2582.0,76731.0,64.0,0,Personal Auto,Four-Door Car,201.455005
KU29408,Washington,M,Master,9076.0,37722.0,116.0,0,Corporate Auto,Luxury,158.077504
RE46783,California,F,Bachelor,4119.0,69379.0,103.0,0,Personal Auto,Two-Door Car,494.4
RU94434,Oregon,M,High School or Below,12157.0,57449.0,103.0,0,Personal Auto,Four-Door Car,494.4
GI82355,Arizona,M,Bachelor,5153.0,0.0,68.0,0,Corporate Auto,Four-Door Car,326.4
VO26340,Nevada,M,College,6513.0,0.0,93.0,0,Personal Auto,Two-Door Car,669.6
NV61299,Arizona,F,Bachelor,27790.0,33806.0,89.0,0,Corporate Auto,Four-Door Car,395.729716
DX31066,Washington,F,College,2667.0,94041.0,66.0,0,Personal Auto,Four-Door Car,159.756733
CY50337,Oregon,F,College,10928.0,74965.0,90.0,0,Personal Auto,Four-Door Car,58.557552
TJ20375,Arizona,F,High School or Below,7615.0,34095.0,63.0,0,Personal Auto,Two-Door Car,302.4
EP72155,California,F,College,2004.0,0.0,66.0,4,Personal Auto,Four-Door Car,316.8
JJ76159,California,M,College,2435.0,96045.0,61.0,0,Corporate Auto,Four-Door Car,8.582971
BG15419,Nevada,F,Bachelor,14195.0,86355.0,118.0,0,Personal Auto,Luxury,285.418473
AO74776,California,F,High School or Below,9428.0,27824.0,118.0,0,Personal Auto,SUV,566.4
HQ82233,California,M,High School or Below,11982.0,42995.0,101.0,0,Personal Auto,SUV,410.508316
OL72737,Oregon,F,High School or Below,3103.0,21235.0,79.0,0,Personal Auto,Two-Door Car,244.23135
ZQ59828,California,M,High School or Below,4223.0,74585.0,106.0,0,Personal Auto,SUV,218.598065
NZ15548,Oregon,M,Bachelor,4024.0,41833.0,103.0,0,Personal Auto,Four-Door Car,643.826716
XK61304,California,F,College,5297.0,23908.0,70.0,0,Personal Auto,Four-Door Car,336.0
EJ44139,Oregon,M,Bachelor,21424.0,0.0,65.0,0,Personal Auto,Two-Door Car,312.0
CM94425,Arizona,M,Bachelor,4416.0,61953.0,113.0,0,Personal Auto,SUV,497.047297
OV54878,California,M,Bachelor,4639.0,0.0,142.0,0,Corporate Auto,SUV,1022.4
JF57282,Nevada,M,Bachelor,4864.0,0.0,137.0,0,Personal Auto,SUV,657.6
MY37953,Arizona,F,Bachelor,25831.0,73760.0,107.0,1,Personal Auto,Luxury,230.245772
XP64922,Oregon,F,College,2974.0,23333.0,74.0,0,Corporate Auto,Four-Door Car,5.622751
WL65572,California,M,College,2064.0,0.0,61.0,0,Personal Auto,Four-Door Car,292.8
LN50325,Arizona,F,High School or Below,10065.0,20440.0,128.0,2,Corporate Auto,Luxury,614.4
HJ15383,Washington,M,Master,8032.0,27658.0,68.0,0,Personal Auto,Four-Door Car,160.07526
KH59823,California,M,College,5489.0,50943.0,139.0,0,Special Auto,SUV,667.2
YM79169,California,M,Bachelor,2613.0,19003.0,71.0,0,Personal Auto,Two-Door Car,34.651305
DR38127,California,M,College,8573.0,46703.0,108.0,0,Personal Auto,Four-Door Car,678.100487
PU42145,California,M,Bachelor,24128.0,14072.0,71.0,0,Personal Auto,Four-Door Car,511.2
KM33477,Oregon,M,College,8550.0,21733.0,73.0,0,Corporate Auto,Four-Door Car,525.6
RI53167,Arizona,M,Bachelor,2309.0,20811.0,61.0,0,Personal Auto,Four-Door Car,292.8
OF77789,Arizona,F,High School or Below,4255.0,11904.0,61.0,2,Personal Auto,Two-Door Car,292.8
YB33445,Oregon,F,College,8983.0,43490.0,114.0,4,Corporate Auto,SUV,174.588413
BA17836,California,M,High School or Below,7868.0,57340.0,67.0,0,Corporate Auto,Four-Door Car,159.391681
JS43228,California,M,College,7704.0,49088.0,97.0,0,Corporate Auto,Four-Door Car,698.4
BB11622,Nevada,M,Master,10552.0,47761.0,131.0,0,Personal Auto,SUV,232.711071
HQ70429,Washington,F,College,16045.0,0.0,65.0,0,Personal Auto,Two-Door Car,163.046956
WK88044,Arizona,M,Bachelor,8738.0,61281.0,110.0,0,Personal Auto,SUV,79.865605
LA80525,Nevada,M,Bachelor,5455.0,0.0,82.0,1,Corporate Auto,Two-Door Car,393.6
EH16250,Arizona,M,Bachelor,7705.0,25290.0,66.0,0,Personal Auto,Four-Door Car,382.085897
PU41872,Arizona,F,High School or Below,7039.0,24239.0,88.0,0,Personal Auto,Four-Door Car,48.348319
HB85743,California,M,Bachelor,8838.0,82664.0,114.0,3,Personal Auto,SUV,133.425609
MM71959,Arizona,M,Bachelor,8734.0,83210.0,110.0,0,Personal Auto,Luxury,528.0
MB83663,Oregon,F,Bachelor,9597.0,38736.0,81.0,0,Personal Auto,Two-Door Car,561.414794
KR43119,California,M,College,4507.0,0.0,66.0,0,Personal Auto,Four-Door Car,316.8
KH24214,Oregon,M,College,17858.0,55437.0,64.0,1,Personal Auto,Four-Door Car,445.287788
AC40767,Washington,M,Bachelor,2498.0,68041.0,6464.0,0,Personal Auto,Two-Door Car,165.570243
HP55391,Oregon,M,Master,5426.0,0.0,71.0,0,Corporate Auto,Four-Door Car,407.99684
EG62398,California,F,High School or Below,7998.0,29066.0,100.0,0,Personal Auto,SUV,844.229478
VS19949,Nevada,M,Bachelor,2898.0,54337.0,72.0,0,Personal Auto,Four-Door Car,345.6
AM92343,Oregon,F,High School or Below,11600.0,67616.0,96.0,0,Personal Auto,Four-Door Car,340.306584
GI68556,California,F,Bachelor,15148.0,41082.0,63.0,0,Personal Auto,Two-Door Car,106.647493
JT11876,Washington,F,High School or Below,5436.0,0.0,10202.0,0,Personal Auto,Four-Door Car,626.116259
XR64251,Nevada,F,Master,2725.0,36650.0,69.0,1,Personal Auto,Four-Door Car,56.60333
MK34957,Oregon,F,College,13298.0,50631.0,112.0,4,Special Auto,SUV,784.65781
GP18756,California,M,College,9927.0,19592.0,92.0,0,Personal Auto,Four-Door Car,441.6
AP23850,Washington,F,High School or Below,17772.0,0.0,114.0,0,Personal Auto,Two-Door Car,547.2
KQ65521,Arizona,F,College,18269.0,55761.0,115.0,0,Personal Auto,Luxury,86.27772
EJ19449,California,F,College,2722.0,17576.0,71.0,0,Special Auto,Four-Door Car,398.502948
QB70027,California,F,Bachelor,7083.0,41449.0,89.0,0,Personal Auto,Four-Door Car,63.516572
QW47320,California,F,Bachelor,10180.0,14290.0,271.0,0,Personal Auto,Luxury,1300.8
KH64733,Nevada,F,College,5890.0,62007.0,73.0,0,Personal Auto,Four-Door Car,120.015609
ON59472,Arizona,M,High School or Below,15771.0,21921.0,206.0,0,Corporate Auto,Luxury,1254.137899
HP94242,Arizona,F,Bachelor,5288.0,42621.0,66.0,0,Personal Auto,Four-Door Car,316.8
RV15398,Oregon,M,College,27581.0,0.0,87.0,1,Personal Auto,Four-Door Car,417.6
EA25683,Washington,M,High School or Below,7779.0,63786.0,196.0,0,Corporate Auto,Luxury,798.002689
PW73754,California,F,High School or Below,7342.0,0.0,104.0,3,Personal Auto,Luxury,82.041684
MC71942,California,F,High School or Below,7919.0,82877.0,99.0,1,Personal Auto,Two-Door Car,22.819088
OX72195,Arizona,M,College,2164.0,0.0,63.0,0,Corporate Auto,Two-Door Car,302.4
YQ99152,Nevada,M,High School or Below,9788.0,10475.0,88.0,1,Personal Auto,Two-Door Car,422.4
KI19439,Oregon,F,High School or Below,5208.0,21952.0,66.0,0,Personal Auto,Four-Door Car,316.8
PM76175,Oregon,F,Bachelor,21147.0,49721.0,132.0,0,Corporate Auto,Luxury,639.971388
US45383,California,M,College,12281.0,88340.0,102.0,0,Personal Auto,Two-Door Car,489.6
GT38956,California,F,College,2441.0,0.0,65.0,0,Personal Auto,Four-Door Car,312.0
SN41301,Oregon,M,Bachelor,6536.0,0.0,65.0,0,Corporate Auto,Four-Door Car,468.0
BE62503,Washington,F,College,9207.0,24589.0,82.0,0,Personal Auto,Two-Door Car,511.497882
PA16884,California,F,Bachelor,4119.0,69379.0,103.0,0,Personal Auto,Two-Door Car,494.4
NC58480,Nevada,F,Bachelor,4838.0,73769.0,61.0,2,Personal Auto,Four-Door Car,239.540223
NS39326,California,F,College,4626.0,66670.0,114.0,0,Personal Auto,SUV,518.180364
PN18507,Arizona,M,Bachelor,14042.0,88854.0,118.0,0,Personal Auto,Two-Door Car,715.252366
EK91340,Oregon,M,Bachelor,7547.0,31266.0,193.0,0,Corporate Auto,Luxury,926.4
JY16280,California,F,High School or Below,2515.0,43860.0,65.0,0,Personal Auto,Four-Door Car,156.124914
ZW71731,California,M,Bachelor,5170.0,89284.0,133.0,2,Corporate Auto,SUV,402.070719
ZC24631,Oregon,M,College,13917.0,67267.0,89.0,0,Corporate Auto,Four-Door Car,94.814032
YR34689,California,F,High School or Below,11318.0,79270.0,95.0,3,Personal Auto,Four-Door Car,456.0
RT65829,Oregon,M,Bachelor,4276.0,36692.0,109.0,1,Personal Auto,Four-Door Car,523.2
BZ12077,Oregon,F,High School or Below,4322.0,0.0,119.0,0,Personal Auto,SUV,571.2
WM65373,California,F,College,8002.0,0.0,107.0,0,Corporate Auto,SUV,513.6
NH35059,Nevada,M,College,3885.0,0.0,105.0,0,Corporate Auto,Four-Door Car,504.0
QD38160,Oregon,M,College,4472.0,0.0,135.0,0,Personal Auto,SUV,972.0
BM15160,California,F,High School or Below,8496.0,44624.0,71.0,1,Special Auto,Four-Door Car,73.883044
VY79030,Arizona,F,College,22501.0,0.0,71.0,0,Corporate Auto,Four-Door Car,340.8
EV19512,Nevada,F,Master,16302.0,19614.0,85.0,0,Personal Auto,Two-Door Car,574.024018
TE13577,Oregon,F,College,2320.0,0.0,64.0,0,Personal Auto,Four-Door Car,632.715382
WY97929,Arizona,M,College,8717.0,83846.0,74.0,3,Special Auto,Four-Door Car,355.2
YG20683,Washington,M,College,2860.0,51159.0,72.0,0,Personal Auto,Four-Door Car,4.238626
FK75497,California,M,College,2453.0,83772.0,62.0,0,Personal Auto,Two-Door Car,42.248087
NE60110,Arizona,M,College,5990.0,66839.0,154.0,0,Personal Auto,Luxury,739.2
TN36521,Arizona,F,College,24980.0,88440.0,70.0,0,Personal Auto,Two-Door Car,27.145151
HG33568,Arizona,F,Master,7483.0,25666.0,63.0,2,Personal Auto,Four-Door Car,270.002766
TW17878,Oregon,F,High School or Below,2458.0,52926.0,61.0,0,Personal Auto,Four-Door Car,292.8
ZO83562,Nevada,F,Bachelor,2380.0,0.0,67.0,0,Personal Auto,Four-Door Car,494.946438
CH97539,Washington,F,Bachelor,8287.0,40001.0,70.0,0,Personal Auto,Four-Door Car,142.567008
CV29889,California,M,College,2394.0,0.0,70.0,0,Personal Auto,Four-Door Car,425.266308
MO33320,Oregon,M,College,4657.0,18024.0,65.0,0,Personal Auto,Two-Door Car,312.0
QZ81258,Oregon,F,College,13198.0,0.0,68.0,3,Personal Auto,Four-Door Car,326.4
NY56352,Oregon,F,Bachelor,2804.0,23220.0,74.0,0,Personal Auto,Four-Door Car,251.334247
EA27048,California,F,High School or Below,8647.0,64125.0,108.0,0,Personal Auto,SUV,369.818708
UT38865,Oregon,F,College,7426.0,58042.0,62.0,0,Corporate Auto,Four-Door Car,161.419528
QC89139,Oregon,F,High School or Below,4529.0,90034.0,112.0,0,Corporate Auto,SUV,537.6
LA14484,Nevada,M,High School or Below,2227.0,27972.0,61.0,0,Special Auto,Four-Door Car,292.8
HN57556,California,F,High School or Below,7293.0,0.0,65.0,0,Personal Auto,Four-Door Car,312.0
CV31235,Arizona,M,Bachelor,3184.0,50989.0,80.0,0,Corporate Auto,Four-Door Car,255.999709
WR45726,Arizona,F,Bachelor,11315.0,11885.0,101.0,0,Special Auto,Four-Door Car,484.8
LB25094,California,F,Bachelor,2531.0,89451.0,63.0,0,Special Auto,Four-Door Car,61.769564
KW56110,Oregon,M,Bachelor,18362.0,0.0,182.0,0,Personal Auto,Luxury,1310.4
XO36233,Washington,M,Bachelor,8642.0,78904.0,109.0,0,Personal Auto,SUV,250.001424
ZX86243,Arizona,M,Doctor,3279.0,70247.0,83.0,1,Personal Auto,Four-Door Car,141.799422
DW29763,Arizona,M,High School or Below,5272.0,32653.0,67.0,0,Personal Auto,Two-Door Car,321.6
CT83377,Washington,M,High School or Below,3764.0,93595.0,97.0,4,Special Auto,Four-Door Car,49.797016
OQ90898,California,M,Master,13956.0,90279.0,115.0,0,Personal Auto,SUV,372.175592
GO77248,Oregon,F,College,5002.0,0.0,72.0,0,Personal Auto,Four-Door Car,542.14385
QW33258,California,M,Bachelor,7083.0,53310.0,189.0,3,Personal Auto,Luxury,1360.8
OU79745,California,M,College,7619.0,0.0,105.0,0,Personal Auto,Four-Door Car,504.0
VZ79886,Oregon,F,Bachelor,12551.0,22234.0,160.0,0,Personal Auto,SUV,768.0
FI92440,Washington,F,High School or Below,32197.0,91375.0,99.0,0,Personal Auto,Two-Door Car,72.632934
YG85980,Nevada,F,High School or Below,6794.0,22250.0,86.0,0,Personal Auto,Two-Door Car,720.601429
QM74621,Oregon,M,Bachelor,5272.0,0.0,80.0,0,Personal Auto,Four-Door Car,576.0
EI71732,Oregon,F,Doctor,6265.0,0.0,84.0,1,Personal Auto,Four-Door Car,481.025786
VN79010,California,F,High School or Below,8548.0,51179.0,71.0,0,Corporate Auto,Four-Door Car,466.176731
FI61723,California,M,Bachelor,2787.0,38667.0,72.0,0,Personal Auto,Four-Door Car,159.266473
OH55411,California,F,Master,4627.0,79487.0,114.0,0,Corporate Auto,SUV,547.2
TF10720,Nevada,F,Doctor,8663.0,67763.0,107.0,2,Personal Auto,Four-Door Car,41.283167
NW30838,Nevada,M,High School or Below,3872.0,0.0,62.0,2,Corporate Auto,Four-Door Car,503.808329
CB58476,Oregon,F,College,5171.0,0.0,71.0,0,Corporate Auto,Four-Door Car,859.599411
WI69346,California,F,Master,8960.0,71943.0,112.0,0,Corporate Auto,SUV,305.653785
FS76657,Oregon,F,College,5472.0,53526.0,68.0,0,Personal Auto,Four-Door Car,278.902846
YX89016,Oregon,M,College,34931.0,35005.0,295.0,0,Personal Auto,Luxury,1416.0
PK28821,California,M,College,2620.0,24721.0,67.0,0,Personal Auto,Four-Door Car,139.963594
MB51200,Washington,M,College,19069.0,0.0,102.0,2,Personal Auto,Four-Door Car,734.4
XG44587,Arizona,M,Master,5757.0,88997.0,72.0,0,Personal Auto,Four-Door Car,174.041566
FG91922,Arizona,M,Master,40224.0,48587.0,111.0,0,Personal Auto,SUV,532.8
OM99303,Arizona,F,High School or Below,2701.0,76310.0,67.0,0,Personal Auto,Two-Door Car,321.6
RV67546,California,M,Bachelor,3712.0,73205.0,92.0,0,Personal Auto,Four-Door Car,37.299865
UJ79253,Oregon,F,College,21851.0,51056.0,78.0,0,Personal Auto,Four-Door Car,95.816516
PN98247,California,M,College,7840.0,58414.0,210.0,2,Personal Auto,Luxury,1008.0
IB67546,California,F,Bachelor,8237.0,23940.0,107.0,0,Personal Auto,SUV,513.6
OE19087,California,F,High School or Below,2243.0,0.0,62.0,0,Personal Auto,Four-Door Car,446.4
CM95716,California,M,Bachelor,8434.0,44216.0,71.0,0,Personal Auto,Four-Door Car,72.205362
MW62634,California,M,High School or Below,2227.0,27972.0,61.0,0,Corporate Auto,Four-Door Car,292.8
QW67581,Arizona,F,High School or Below,5170.0,0.0,69.0,0,Personal Auto,Four-Door Car,331.2
SN16059,California,F,Master,2641.0,29305.0,66.0,0,Personal Auto,Four-Door Car,475.2
OE51254,California,F,College,2791.0,53882.0,69.0,0,Personal Auto,Four-Door Car,331.2
RM42344,Oregon,M,College,2745.0,91757.0,69.0,1,Personal Auto,Four-Door Car,331.2
GB35238,California,F,Bachelor,7580.0,33906.0,64.0,0,Personal Auto,Two-Door Car,401.592109
ML82674,Oregon,M,Bachelor,10979.0,68158.0,139.0,1,Personal Auto,SUV,253.183568
EI85244,California,M,College,8255.0,0.0,134.0,3,Personal Auto,SUV,643.2
DE28132,Oregon,M,College,4748.0,42165.0,123.0,0,Corporate Auto,SUV,799.673766
TV25678,Washington,M,College,3541.0,0.0,101.0,0,Personal Auto,SUV,727.2
TY26512,California,M,Doctor,3436.0,30817.0,88.0,0,Personal Auto,Four-Door Car,91.834668
OB69153,California,M,Bachelor,2582.0,68074.0,65.0,0,Personal Auto,Four-Door Car,27.987867
QZ77637,Washington,F,College,11665.0,84978.0,35353.0,1,Corporate Auto,Four-Door Car,166.77296
XN41715,California,F,Master,7396.0,71135.0,92.0,1,Personal Auto,Four-Door Car,270.563995
QR15857,California,F,College,4331.0,0.0,61.0,0,Personal Auto,Two-Door Car,292.8
FL69363,Oregon,M,Master,9076.0,37722.0,116.0,0,Personal Auto,Luxury,158.077504
IS30295,Arizona,F,Bachelor,14635.0,0.0,139.0,0,Personal Auto,SUV,667.2
WA25797,Washington,M,High School or Below,8565.0,95697.0,107.0,0,Personal Auto,Luxury,178.006524
NL59519,California,F,College,11566.0,64642.0,96.0,0,Personal Auto,Four-Door Car,404.265696
ZU93025,Oregon,F,College,2771.0,50071.0,71.0,0,Personal Auto,Two-Door Car,18.918935
DK94262,Oregon,M,High School or Below,8507.0,46754.0,106.0,1,Personal Auto,SUV,513.818403
UQ30615,California,M,College,7582.0,64801.0,64.0,0,Corporate Auto,Four-Door Car,268.471802
OR40060,Arizona,M,Bachelor,3323.0,70410.0,83.0,0,Personal Auto,Four-Door Car,131.828507
DK32872,Nevada,F,High School or Below,5234.0,66957.0,131.0,1,Personal Auto,SUV,628.8
FA46418,Nevada,F,High School or Below,24710.0,24213.0,78.0,1,Personal Auto,Four-Door Car,374.4
ER19995,Washington,F,College,17786.0,99790.0,6464.0,0,Personal Auto,Four-Door Car,178.986788
KI75855,Oregon,M,Master,2551.0,79751.0,63.0,0,Personal Auto,Two-Door Car,392.235698
ND41876,Arizona,M,High School or Below,7248.0,86122.0,182.0,1,Personal Auto,Luxury,873.6
PN21042,Arizona,M,Bachelor,4539.0,82297.0,116.0,0,Personal Auto,Luxury,0.382107
GJ43254,Washington,M,College,31642.0,89057.0,98.0,0,Corporate Auto,Two-Door Car,187.363583
AL46984,California,M,High School or Below,8730.0,43259.0,73.0,0,Personal Auto,Four-Door Car,350.4
JP58047,Oregon,M,College,8333.0,0.0,79.0,0,Personal Auto,Four-Door Car,379.2
ZE85014,California,M,College,2358.0,25064.0,62.0,0,Personal Auto,Four-Door Car,297.6
KU88219,Arizona,M,Master,4637.0,25816.0,119.0,0,Personal Auto,Luxury,571.2
UU98729,California,M,Bachelor,5357.0,0.0,73.0,0,Personal Auto,Four-Door Car,350.853987
WS82822,Oregon,F,College,5392.0,41662.0,69.0,0,Corporate Auto,Four-Door Car,217.973168
YB49933,Arizona,M,Bachelor,3694.0,96170.0,92.0,0,Personal Auto,Four-Door Car,441.6
XC16387,Arizona,F,High School or Below,5040.0,46072.0,64.0,0,Personal Auto,Four-Door Car,25.934064
XJ96748,Arizona,F,High School or Below,27495.0,37931.0,99.0,0,Personal Auto,Four-Door Car,475.2
TM98684,Oregon,M,High School or Below,4842.0,35127.0,62.0,0,Personal Auto,Four-Door Car,297.6
AY18433,Washington,F,High School or Below,27383.0,45473.0,76.0,0,Special Auto,Two-Door Car,188.938397
DM74502,Nevada,F,College,5227.0,93087.0,131.0,3,Corporate Auto,Luxury,628.8
FT56968,Arizona,M,High School or Below,2590.0,22398.0,67.0,2,Personal Auto,Four-Door Car,321.6
OX36896,California,M,High School or Below,10536.0,92983.0,87.0,1,Corporate Auto,Four-Door Car,153.205591
BZ65376,Arizona,M,Bachelor,8581.0,27689.0,239.0,2,Personal Auto,Luxury,2893.239678
LN34660,California,F,College,9463.0,69654.0,118.0,0,Corporate Auto,SUV,629.532731
JC29295,California,F,Bachelor,13441.0,80744.0,111.0,0,Personal Auto,SUV,361.284757
KJ87930,California,F,Bachelor,3887.0,0.0,112.0,0,Corporate Auto,SUV,1185.988301
XT36360,Arizona,F,High School or Below,6785.0,0.0,64.0,1,Personal Auto,Four-Door Car,460.8
IX35050,Arizona,M,Bachelor,23595.0,76358.0,66.0,0,Special Auto,Four-Door Car,86.461582
UN97379,Oregon,M,Bachelor,2539.0,18608.0,71.0,0,Corporate Auto,Four-Door Car,340.8
MR57294,California,M,High School or Below,5640.0,73168.0,70.0,0,Personal Auto,Four-Door Car,425.800112
UG79499,Washington,M,Bachelor,11681.0,70930.0,99.0,0,Personal Auto,Four-Door Car,190.43446
UA50747,Washington,F,High School or Below,25998.0,62262.0,72.0,0,Corporate Auto,Four-Door Car,193.505325
GL20444,Nevada,F,Master,13778.0,91474.0,113.0,0,Corporate Auto,Two-Door Car,24.087774
SP58110,California,F,Bachelor,4923.0,61469.0,63.0,5,Personal Auto,Four-Door Car,302.4
XM91635,Arizona,F,High School or Below,2272.0,16618.0,62.0,0,Special Auto,Four-Door Car,219.288706
TV82603,California,F,Bachelor,14895.0,48081.0,188.0,0,Personal Auto,Luxury,881.360959
BB82067,Oregon,M,Doctor,9756.0,67632.0,121.0,0,Personal Auto,Luxury,26.951627
JP94676,Oregon,F,Bachelor,9423.0,34115.0,119.0,0,Personal Auto,SUV,466.122541
VU53417,Arizona,M,High School or Below,3837.0,23051.0,99.0,0,Personal Auto,Two-Door Car,475.2
IW54795,California,M,College,10952.0,23748.0,99.0,0,Personal Auto,Four-Door Car,607.095655
RN78170,Arizona,F,College,8159.0,40589.0,69.0,0,Corporate Auto,Four-Door Car,331.2
IX55883,California,F,College,19480.0,50809.0,83.0,0,Personal Auto,Four-Door Car,290.381707
XM72420,Arizona,F,High School or Below,3919.0,66676.0,97.0,0,Personal Auto,Four-Door Car,558.099357
GC15104,Nevada,F,Bachelor,7985.0,52339.0,70.0,3,Corporate Auto,Four-Door Car,336.0
RX13282,Oregon,M,Bachelor,12169.0,14973.0,115.0,0,Personal Auto,SUV,828.0
QA85890,Arizona,F,High School or Below,5849.0,0.0,83.0,0,Corporate Auto,Four-Door Car,540.514115
IR62668,Arizona,F,Bachelor,5086.0,31546.0,65.0,0,Personal Auto,Four-Door Car,100.049832
AL96740,California,F,College,2904.0,67763.0,73.0,1,Personal Auto,Four-Door Car,59.861963
SS48498,Washington,F,College,6273.0,20836.0,79.0,0,Corporate Auto,Four-Door Car,193.57032
PE39479,Washington,M,College,18321.0,88592.0,76.0,0,Corporate Auto,Four-Door Car,199.79727
JH62891,Oregon,F,College,5179.0,66943.0,65.0,1,Special Auto,Four-Door Car,53.084753
FI20423,Arizona,F,High School or Below,14024.0,81872.0,115.0,0,Special Auto,Four-Door Car,256.43803
PM13394,Washington,F,College,5309.0,22404.0,70.0,1,Personal Auto,Four-Door Car,211.136067
YV67971,California,F,High School or Below,4950.0,21342.0,62.0,0,Personal Auto,Four-Door Car,74.350893
QD31377,California,M,Bachelor,8596.0,34621.0,108.0,1,Corporate Auto,SUV,621.464468
YG10247,Oregon,M,College,22952.0,62396.0,64.0,0,Personal Auto,Four-Door Car,307.2
FE73696,Oregon,M,High School or Below,3792.0,97212.0,93.0,0,Personal Auto,Two-Door Car,360.05589
SW19699,Arizona,F,Bachelor,2756.0,49648.0,70.0,0,Personal Auto,Four-Door Car,65.954813
QJ40732,Arizona,M,College,4880.0,97984.0,61.0,1,Personal Auto,Four-Door Car,407.450118
HM76207,California,F,College,9052.0,26308.0,114.0,0,Corporate Auto,SUV,547.2
NT59303,Oregon,F,College,10115.0,63528.0,256.0,0,Personal Auto,Luxury,1228.8
PU41393,Nevada,M,College,8269.0,20225.0,114.0,1,Special Auto,SUV,547.2
QO86948,Nevada,M,High School or Below,8072.0,0.0,112.0,0,Personal Auto,SUV,806.4
QN10888,Oregon,F,High School or Below,7727.0,87620.0,64.0,0,Personal Auto,Four-Door Car,24.063693
VY19543,California,F,Bachelor,8311.0,0.0,72.0,0,Corporate Auto,Four-Door Car,311.329282
XC15133,Nevada,F,Master,2574.0,34990.0,65.0,0,Personal Auto,Four-Door Car,42.689135
ST43550,Oregon,M,Bachelor,5727.0,99934.0,71.0,0,Special Auto,Four-Door Car,460.323855
FX36546,Washington,M,Master,3679.0,60804.0,92.0,0,Personal Auto,Four-Door Car,213.225001
JX68983,Oregon,M,Bachelor,2745.0,94648.0,69.0,0,Personal Auto,Four-Door Car,331.2
HX78576,California,F,High School or Below,5637.0,24516.0,71.0,0,Personal Auto,Four-Door Car,300.607591
ZQ11381,Arizona,M,Bachelor,16870.0,61063.0,85.0,0,Personal Auto,Four-Door Car,262.504882
ON39271,California,M,Master,2738.0,0.0,74.0,0,Personal Auto,Two-Door Car,263.365432
SB18278,Oregon,M,Bachelor,4645.0,0.0,64.0,0,Corporate Auto,Four-Door Car,307.2
ZT30559,California,F,High School or Below,4747.0,15169.0,63.0,0,Personal Auto,Four-Door Car,302.4
XI41106,Arizona,M,College,16874.0,55390.0,71.0,0,Corporate Auto,Two-Door Car,256.268091
ZS88847,Oregon,F,Bachelor,2388.0,27592.0,62.0,0,Personal Auto,Four-Door Car,297.6
RU49126,Washington,F,College,4465.0,61846.0,112.0,0,Personal Auto,SUV,215.8182
KR62797,Arizona,F,High School or Below,4592.0,83297.0,113.0,0,Personal Auto,SUV,542.4
ZJ73220,Arizona,F,College,13093.0,0.0,188.0,0,Special Auto,Luxury,1353.6
FY62633,Oregon,M,Bachelor,9112.0,0.0,90.0,0,Personal Auto,Four-Door Car,432.0
CU36986,California,F,High School or Below,4165.0,55897.0,104.0,0,Personal Auto,Four-Door Car,499.2
WZ53904,Arizona,M,Bachelor,2660.0,21297.0,71.0,0,Personal Auto,Four-Door Car,45.507952
AA71604,Arizona,F,Master,11987.0,87560.0,98.0,1,Personal Auto,Two-Door Car,470.4
TD10493,Oregon,F,High School or Below,2899.0,0.0,96.0,4,Personal Auto,Four-Door Car,691.2
LY97989,Oregon,F,Bachelor,2894.0,0.0,85.0,0,Personal Auto,Four-Door Car,408.0
VX39856,Arizona,F,Doctor,3500.0,89398.0,86.0,0,Personal Auto,Four-Door Car,82.409922
TP51897,California,F,College,2622.0,36843.0,68.0,3,Corporate Auto,Four-Door Car,357.642982
QQ89253,Oregon,F,College,10222.0,0.0,134.0,0,Personal Auto,SUV,643.2
EI91403,California,M,High School or Below,2578.0,34946.0,65.0,0,Personal Auto,Two-Door Car,420.35698
QG15435,Arizona,F,College,6243.0,75680.0,78.0,0,Personal Auto,Four-Door Car,136.787725
FZ55002,Nevada,F,Doctor,5220.0,0.0,69.0,0,Personal Auto,Four-Door Car,331.2
HX77930,Washington,F,College,3136.0,49532.0,79.0,1,Personal Auto,Four-Door Car,220.186677
UN37063,Arizona,M,Bachelor,4525.0,10269.0,65.0,0,Personal Auto,Two-Door Car,170.798204
VB87946,California,M,College,4970.0,49714.0,63.0,3,Personal Auto,Four-Door Car,266.165535
AB60627,California,M,High School or Below,15468.0,77517.0,129.0,0,Corporate Auto,SUV,98.921782
TA34903,Oregon,M,High School or Below,5839.0,81082.0,73.0,0,Personal Auto,Four-Door Car,281.295903
AQ51368,Oregon,F,Bachelor,10657.0,72540.0,88.0,0,Corporate Auto,Two-Door Car,631.743039
NZ26102,Oregon,F,High School or Below,2290.0,0.0,65.0,0,Personal Auto,Four-Door Car,468.0
GB45753,California,M,High School or Below,5440.0,61546.0,68.0,0,Corporate Auto,Two-Door Car,29.209521
BV79904,California,F,Master,7956.0,44818.0,67.0,1,Personal Auto,Two-Door Car,136.883999
OB49075,Arizona,M,Bachelor,4458.0,17622.0,65.0,1,Personal Auto,Four-Door Car,312.0
DS97676,Oregon,F,College,2555.0,0.0,72.0,0,Personal Auto,Four-Door Car,518.4
JO63462,California,M,Bachelor,3308.0,79797.0,84.0,0,Corporate Auto,Two-Door Car,31.755601
NJ10602,Washington,F,College,8459.0,92717.0,70.0,0,Personal Auto,Two-Door Car,224.27582
RS24501,Oregon,F,College,13350.0,28919.0,173.0,0,Personal Auto,SUV,830.4
VT78274,Arizona,M,College,4931.0,0.0,68.0,0,Personal Auto,Four-Door Car,480.159011
SU56153,Nevada,M,Bachelor,7777.0,63568.0,65.0,0,Corporate Auto,Two-Door Car,390.792553
MN20737,Nevada,F,College,2554.0,73935.0,64.0,1,Corporate Auto,Four-Door Car,72.071195
KL43114,Arizona,F,High School or Below,4876.0,0.0,66.0,0,Corporate Auto,Two-Door Car,316.8
YQ15567,Oregon,F,Bachelor,9034.0,18846.0,115.0,0,Personal Auto,SUV,552.0
TR88637,Arizona,F,High School or Below,8106.0,38893.0,103.0,0,Personal Auto,SUV,41.965252
TC88986,Oregon,M,High School or Below,5620.0,0.0,153.0,0,Special Auto,SUV,1027.000029
XX88577,California,M,Bachelor,15727.0,84824.0,196.0,0,Corporate Auto,SUV,319.820747
NE49052,California,F,High School or Below,6618.0,20068.0,86.0,0,Corporate Auto,Four-Door Car,411.011162
KX17826,Oregon,M,Doctor,4670.0,0.0,125.0,0,Corporate Auto,SUV,600.0
CC91503,Arizona,F,High School or Below,10169.0,0.0,135.0,0,Personal Auto,Luxury,648.0
WH32183,California,M,Bachelor,8323.0,97245.0,70.0,0,Personal Auto,Four-Door Car,4.110585
ES90681,California,F,College,2418.0,51808.0,61.0,1,Personal Auto,Four-Door Car,351.149904
DW96592,California,M,Bachelor,8045.0,71391.0,67.0,0,Personal Auto,Four-Door Car,284.000172
MT23134,Oregon,M,High School or Below,5326.0,0.0,73.0,0,Personal Auto,Two-Door Car,496.474767
BM69081,Arizona,M,Bachelor,6948.0,0.0,100.0,0,Personal Auto,SUV,925.137143
MB90871,Oregon,F,College,5847.0,23496.0,77.0,0,Special Auto,Four-Door Car,13.164097
GT62080,Washington,M,High School or Below,7937.0,55561.0,63.0,0,Personal Auto,Four-Door Car,227.872071
QL77686,Nevada,F,College,4725.0,23986.0,119.0,0,Corporate Auto,SUV,463.335061
ON77827,Arizona,F,Master,2790.0,22974.0,71.0,0,Personal Auto,Four-Door Car,180.667969
KP18988,Oregon,F,High School or Below,21531.0,0.0,101.0,0,Personal Auto,Four-Door Car,484.8
TI92884,Arizona,M,Bachelor,12623.0,61844.0,106.0,0,Personal Auto,Luxury,508.8
JH73503,Arizona,M,Doctor,20172.0,24804.0,73.0,0,Personal Auto,Two-Door Car,350.4
YE97964,California,F,Bachelor,16464.0,27760.0,104.0,0,Personal Auto,SUV,302.764283
VA30351,Oregon,F,High School or Below,5595.0,74454.0,71.0,0,Personal Auto,Four-Door Car,340.8
PV55726,Oregon,F,Master,4171.0,29462.0,107.0,1,Personal Auto,SUV,513.6
UC88305,Arizona,F,College,2665.0,52266.0,68.0,0,Corporate Auto,Two-Door Car,141.922839
TS53809,Oregon,M,Bachelor,7099.0,0.0,70.0,0,Personal Auto,Two-Door Car,349.783046
ZV32120,California,M,Doctor,3971.0,23599.0,103.0,0,Corporate Auto,SUV,494.4
FB80807,Oregon,M,Bachelor,5528.0,36088.0,72.0,0,Personal Auto,Four-Door Car,345.6
AS55677,California,F,High School or Below,8339.0,70534.0,104.0,0,Personal Auto,Four-Door Car,54.065538
WA15684,Oregon,M,College,38446.0,27398.0,125.0,1,Personal Auto,SUV,600.0
SA50567,Nevada,M,Bachelor,5449.0,85296.0,68.0,0,Personal Auto,Four-Door Car,342.515136
KJ31611,Arizona,M,High School or Below,10808.0,31063.0,92.0,0,Personal Auto,Four-Door Car,441.6
VL37375,California,M,Bachelor,6185.0,0.0,92.0,0,Personal Auto,Two-Door Car,1027.177255
KN21017,Nevada,M,High School or Below,3208.0,52367.0,81.0,0,Personal Auto,Four-Door Car,275.989978
PX44289,Arizona,M,College,5480.0,58651.0,71.0,0,Personal Auto,Four-Door Car,472.599683
AM97901,Nevada,F,College,22986.0,84831.0,192.0,0,Special Auto,Luxury,1336.931716
RE42925,Oregon,M,Bachelor,13108.0,49088.0,114.0,1,Corporate Auto,SUV,547.2
TR81766,California,F,College,7463.0,70263.0,93.0,0,Corporate Auto,Two-Door Car,7.345946
CH85057,Oregon,F,Doctor,11464.0,45354.0,285.0,0,Personal Auto,Luxury,540.141566
UP71482,Arizona,M,High School or Below,7236.0,0.0,63.0,0,Personal Auto,Four-Door Car,383.363758
EG40670,California,F,Bachelor,6233.0,28334.0,83.0,0,Special Auto,Four-Door Car,537.765151
HV83672,Oregon,F,Bachelor,28393.0,38772.0,90.0,0,Personal Auto,Four-Door Car,321.873474
MG10140,Oregon,F,College,3747.0,41479.0,94.0,1,Personal Auto,Two-Door Car,19.575683
TC44716,California,M,Bachelor,21569.0,23909.0,119.0,0,Personal Auto,SUV,571.2
QO65264,California,M,College,5012.0,48328.0,63.0,0,Personal Auto,Two-Door Car,108.138715
EB66698,California,M,High School or Below,3372.0,86689.0,85.0,0,Corporate Auto,Two-Door Car,408.0
OT52034,California,M,Bachelor,3865.0,24204.0,99.0,1,Personal Auto,Four-Door Car,707.303416
CH85444,Oregon,M,College,4146.0,25943.0,110.0,0,Corporate Auto,Two-Door Car,1067.333126
PU85769,California,M,High School or Below,5156.0,0.0,73.0,0,Personal Auto,Four-Door Car,807.947292
UI73201,California,M,College,3667.0,62375.0,92.0,0,Personal Auto,Two-Door Car,618.630955
SL50592,California,F,High School or Below,7836.0,0.0,71.0,0,Corporate Auto,Four-Door Car,404.272806
XP11075,Arizona,M,Bachelor,14567.0,0.0,148.0,0,Personal Auto,SUV,710.4
SI31236,Oregon,M,Bachelor,10171.0,70200.0,65.0,0,Corporate Auto,Four-Door Car,312.0
JN26745,Nevada,F,Bachelor,4136.0,0.0,112.0,0,Special Auto,Four-Door Car,707.977614
VK48036,Oregon,F,College,5511.0,79027.0,70.0,0,Corporate Auto,Four-Door Car,336.0
JX76668,Washington,F,High School or Below,11314.0,62935.0,141.0,0,Personal Auto,Luxury,232.242326
DS45802,California,F,High School or Below,5415.0,26893.0,68.0,0,Personal Auto,Four-Door Car,68.226001
OA96690,Oregon,F,High School or Below,7422.0,47406.0,94.0,1,Personal Auto,Four-Door Car,287.149807
EM27919,California,M,Bachelor,4458.0,17622.0,65.0,1,Personal Auto,Four-Door Car,312.0
QO41043,Oregon,F,College,14476.0,27572.0,124.0,0,Corporate Auto,SUV,595.2
OV50124,Oregon,F,College,4937.0,0.0,72.0,2,Personal Auto,Two-Door Car,391.636628
PR31642,Oregon,F,Bachelor,4525.0,32802.0,114.0,0,Personal Auto,SUV,547.2
BU41599,Washington,F,Master,5582.0,62739.0,70.0,0,Personal Auto,Two-Door Car,239.328571
TK30357,California,F,Bachelor,14134.0,90844.0,118.0,0,Personal Auto,SUV,232.674417
NF31087,Nevada,F,High School or Below,24723.0,44685.0,69.0,0,Personal Auto,Four-Door Car,331.2
NH16984,California,F,Bachelor,2838.0,0.0,80.0,0,Personal Auto,Four-Door Car,336.50961
OS75493,California,F,High School or Below,3848.0,42589.0,98.0,0,Corporate Auto,Four-Door Car,470.4
VT63298,Oregon,M,Bachelor,19504.0,0.0,72.0,0,Personal Auto,Four-Door Car,345.6
QS75550,Washington,F,Bachelor,2480.0,93383.0,62.0,0,Corporate Auto,Two-Door Car,244.212286
SZ16483,Arizona,F,High School or Below,4361.0,79583.0,109.0,2,Personal Auto,Four-Door Car,523.2
VM92311,Arizona,F,High School or Below,2529.0,89129.0,64.0,0,Personal Auto,Four-Door Car,328.870868
NJ46849,Arizona,M,College,2504.0,0.0,69.0,0,Personal Auto,Four-Door Car,496.8
WZ31900,Oregon,F,Bachelor,8650.0,94389.0,107.0,0,Corporate Auto,SUV,85.063708
RG30482,Oregon,F,College,13668.0,0.0,197.0,0,Personal Auto,SUV,1418.4
ZM86949,Oregon,F,High School or Below,20635.0,84106.0,64.0,0,Personal Auto,Two-Door Car,334.408717
QQ39596,Arizona,F,College,2518.0,0.0,69.0,0,Personal Auto,Four-Door Car,42.096415
FH51383,California,F,High School or Below,5327.0,76717.0,66.0,0,Personal Auto,Two-Door Car,300.528579
BJ53923,Arizona,M,High School or Below,2600.0,51978.0,66.0,0,Corporate Auto,Four-Door Car,144.782152
CZ96653,Oregon,F,Bachelor,8535.0,47325.0,107.0,0,Personal Auto,SUV,64.598216
FB23788,Oregon,M,High School or Below,8829.0,86721.0,111.0,0,Corporate Auto,SUV,532.8
NT43594,Nevada,F,Bachelor,2248.0,24910.0,63.0,1,Personal Auto,Four-Door Car,347.857619
RJ85627,Washington,F,Bachelor,12303.0,43817.0,62.0,1,Personal Auto,Four-Door Car,245.447622
KJ86296,Oregon,M,High School or Below,4557.0,0.0,73.0,2,Personal Auto,Four-Door Car,525.6
PI47776,Oregon,F,Bachelor,2531.0,89451.0,63.0,0,Corporate Auto,Four-Door Car,61.769564
MD73554,California,M,College,5252.0,59537.0,66.0,0,Personal Auto,Two-Door Car,316.8
UX92071,Oregon,M,High School or Below,6743.0,0.0,199.0,0,Personal Auto,Luxury,955.2
YG44474,Oregon,M,College,14015.0,54193.0,117.0,0,Corporate Auto,SUV,720.752945
UH45301,Oregon,M,College,9439.0,86946.0,118.0,0,Personal Auto,Four-Door Car,340.656963
RY92647,California,F,Bachelor,10507.0,0.0,92.0,0,Personal Auto,Four-Door Car,546.524896
IK12620,Arizona,F,High School or Below,4214.0,12160.0,109.0,0,Personal Auto,Four-Door Car,489.411833
GQ66762,California,M,College,4774.0,33701.0,63.0,0,Personal Auto,Four-Door Car,171.325856
YT69858,Washington,F,Bachelor,5441.0,85702.0,67.0,0,Personal Auto,Two-Door Car,249.085887
XD85577,California,M,Bachelor,2842.0,69417.0,73.0,1,Personal Auto,Four-Door Car,30.874869
TM65736,Oregon,M,Master,3060.0,38644.0,78.0,1,Personal Auto,Four-Door Car,361.455219
VJ51327,California,F,High School or Below,20315.0,63209.0,102.0,2,Personal Auto,SUV,207.320041
GS98873,Arizona,F,Bachelor,3239.0,16061.0,88.0,0,Personal Auto,Four-Door Car,633.6
CW49887,California,F,Master,4627.0,79487.0,114.0,0,Special Auto,SUV,547.2
MY31220,California,F,College,8997.0,54230.0,112.0,0,Personal Auto,Two-Door Car,537.6
